Formula,A_Number,B_Number,C_Number,ABC_sum_Number,ABC_mean_Number,ABC_reduce_Number,ABC_min_Number,ABC_max_Number,ABC_range_Number,A/B_Number,A/C_Number,B/C_Number,A_MendeleevNumber,B_MendeleevNumber,C_MendeleevNumber,ABC_sum_MendeleevNumber,ABC_mean_MendeleevNumber,ABC_reduce_MendeleevNumber,ABC_min_MendeleevNumber,ABC_max_MendeleevNumber,ABC_range_MendeleevNumber,A/B_MendeleevNumber,A/C_MendeleevNumber,B/C_MendeleevNumber,A_AtomicWeight,B_AtomicWeight,C_AtomicWeight,ABC_sum_AtomicWeight,ABC_mean_AtomicWeight,ABC_reduce_AtomicWeight,ABC_min_AtomicWeight,ABC_max_AtomicWeight,ABC_range_AtomicWeight,A/B_AtomicWeight,A/C_AtomicWeight,B/C_AtomicWeight,A_MeltingT,B_MeltingT,C_MeltingT,ABC_sum_MeltingT,ABC_mean_MeltingT,ABC_reduce_MeltingT,ABC_min_MeltingT,ABC_max_MeltingT,ABC_range_MeltingT,A/B_MeltingT,A/C_MeltingT,B/C_MeltingT,A_ Column,B_ Column,C_ Column,ABC_sum_ Column,ABC_mean_ Column,ABC_reduce_ Column,ABC_min_ Column,ABC_max_ Column,ABC_range_ Column,A/B_ Column,A/C_ Column,B/C_ Column,A_Row,B_Row,C_Row,ABC_sum_Row,ABC_mean_Row,ABC_reduce_Row,ABC_min_Row,ABC_max_Row,ABC_range_Row,A/B_Row,A/C_Row,B/C_Row,A_CovalentRadius,B_CovalentRadius,C_CovalentRadius,ABC_sum_CovalentRadius,ABC_mean_CovalentRadius,ABC_reduce_CovalentRadius,ABC_min_CovalentRadius,ABC_max_CovalentRadius,ABC_range_CovalentRadius,A/B_CovalentRadius,A/C_CovalentRadius,B/C_CovalentRadius,A_Electronegativity,B_Electronegativity,C_Electronegativity,ABC_sum_Electronegativity,ABC_mean_Electronegativity,ABC_reduce_Electronegativity,ABC_min_Electronegativity,ABC_max_Electronegativity,ABC_range_Electronegativity,A/B_Electronegativity,A/C_Electronegativity,B/C_Electronegativity,A_NsValence,B_NsValence,C_NsValence,ABC_sum_NsValence,ABC_mean_NsValence,ABC_reduce_NsValence,ABC_min_NsValence,ABC_max_NsValence,ABC_range_NsValence,A/B_NsValence,A/C_NsValence,B/C_NsValence,A_NpValence,B_NpValence,C_NpValence,ABC_sum_NpValence,ABC_mean_NpValence,ABC_reduce_NpValence,ABC_min_NpValence,ABC_max_NpValence,ABC_range_NpValence,A/B_NpValence,A/C_NpValence,B/C_NpValence,A_NdValence,B_NdValence,C_NdValence,ABC_sum_NdValence,ABC_mean_NdValence,ABC_reduce_NdValence,ABC_min_NdValence,ABC_max_NdValence,ABC_range_NdValence,A/B_NdValence,A/C_NdValence,B/C_NdValence,A_NfValence,B_NfValence,C_NfValence,ABC_sum_NfValence,ABC_mean_NfValence,ABC_reduce_NfValence,ABC_min_NfValence,ABC_max_NfValence,ABC_range_NfValence,A/B_NfValence,A/C_NfValence,B/C_NfValence,A_NValence,B_NValence,C_NValence,ABC_sum_NValence,ABC_mean_NValence,ABC_reduce_NValence,ABC_min_NValence,ABC_max_NValence,ABC_range_NValence,A/B_NValence,A/C_NValence,B/C_NValence,A_NsUnfilled,B_NsUnfilled,C_NsUnfilled,ABC_sum_NsUnfilled,ABC_mean_NsUnfilled,ABC_reduce_NsUnfilled,ABC_min_NsUnfilled,ABC_max_NsUnfilled,ABC_range_NsUnfilled,A/B_NsUnfilled,A/C_NsUnfilled,B/C_NsUnfilled,A_NpUnfilled,B_NpUnfilled,C_NpUnfilled,ABC_sum_NpUnfilled,ABC_mean_NpUnfilled,ABC_reduce_NpUnfilled,ABC_min_NpUnfilled,ABC_max_NpUnfilled,ABC_range_NpUnfilled,A/B_NpUnfilled,A/C_NpUnfilled,B/C_NpUnfilled,A_NdUnfilled,B_NdUnfilled,C_NdUnfilled,ABC_sum_NdUnfilled,ABC_mean_NdUnfilled,ABC_reduce_NdUnfilled,ABC_min_NdUnfilled,ABC_max_NdUnfilled,ABC_range_NdUnfilled,A/B_NdUnfilled,A/C_NdUnfilled,B/C_NdUnfilled,A_NfUnfilled,B_NfUnfilled,C_NfUnfilled,ABC_sum_NfUnfilled,ABC_mean_NfUnfilled,ABC_reduce_NfUnfilled,ABC_min_NfUnfilled,ABC_max_NfUnfilled,ABC_range_NfUnfilled,A/B_NfUnfilled,A/C_NfUnfilled,B/C_NfUnfilled,A_NUnfilled,B_NUnfilled,C_NUnfilled,ABC_sum_NUnfilled,ABC_mean_NUnfilled,ABC_reduce_NUnfilled,ABC_min_NUnfilled,ABC_max_NUnfilled,ABC_range_NUnfilled,A/B_NUnfilled,A/C_NUnfilled,B/C_NUnfilled,A_GSvolume_pa,B_GSvolume_pa,C_GSvolume_pa,ABC_sum_GSvolume_pa,ABC_mean_GSvolume_pa,ABC_reduce_GSvolume_pa,ABC_min_GSvolume_pa,ABC_max_GSvolume_pa,ABC_range_GSvolume_pa,A/B_GSvolume_pa,A/C_GSvolume_pa,B/C_GSvolume_pa,A_GSbandgap,B_GSbandgap,C_GSbandgap,ABC_sum_GSbandgap,ABC_mean_GSbandgap,ABC_reduce_GSbandgap,ABC_min_GSbandgap,ABC_max_GSbandgap,ABC_range_GSbandgap,A/B_GSbandgap,A/C_GSbandgap,B/C_GSbandgap,A_GSmagmom,B_GSmagmom,C_GSmagmom,ABC_sum_GSmagmom,ABC_mean_GSmagmom,ABC_reduce_GSmagmom,ABC_min_GSmagmom,ABC_max_GSmagmom,ABC_range_GSmagmom,A/B_GSmagmom,A/C_GSmagmom,B/C_GSmagmom,A_SpaceGroupNumber,B_SpaceGroupNumber,C_SpaceGroupNumber,ABC_sum_SpaceGroupNumber,ABC_mean_SpaceGroupNumber,ABC_reduce_SpaceGroupNumber,ABC_min_SpaceGroupNumber,ABC_max_SpaceGroupNumber,ABC_range_SpaceGroupNumber,A/B_SpaceGroupNumber,A/C_SpaceGroupNumber,B/C_SpaceGroupNumber
La0.7Sr0.3Mn0.5Cr0.5O3,51.3,24.5,24,99.8,19.96,5.39638,24,51.3,27.3,2.09388,2.1375,1.02083,11.5,50.5,261,323,64.6,8.45646,11.5,261,249.5,0.227723,0.0440613,0.193487,123.52,53.4671,47.9982,224.985,44.997,11.198,47.9982,123.52,75.5216,2.3102,2.57343,1.11394,1150.1,1849.5,164.4,3164,632.8,50.869,164.4,1849.5,1685.1,0.621844,6.99574,11.25,2.7,6.5,48,57.2,11.44,1.7044,2.7,48,45.3,0.415385,0.05625,0.135417,5.7,4,6,15.7,3.14,1.08057,4,6,2,1.425,0.95,0.666667,203.4,139,198,540.4,108.08,36.6809,139,203.4,64.4,1.46331,1.02727,0.70202,1.055,1.605,10.32,12.98,2.596,0.537167,1.055,10.32,9.265,0.657321,0.102229,0.155523,2,1.5,6,9.5,1.9,0.6,1.5,6,4.5,1.33333,0.333333,0.25,0,0,12,12,2.4,INF,0,12,12,INF,0,0,0.7,5,0,5.7,1.14,INF,0,5,5,0.14,INF,INF,0,0,0,0,0,INF,0,0,0,INF,INF,INF,2.7,6.5,18,27.2,5.44,1.44742,2.7,18,15.3,0.415385,0.15,0.361111,0,0.5,0,0.5,0.1,INF,0,0.5,0.5,0,INF,INF,0,0,6,6,1.2,INF,0,6,6,INF,0,0,6.3,5,0,11.3,2.26,INF,0,6.3,6.3,1.26,INF,INF,0,0,0,0,0,INF,0,0,0,INF,INF,INF,6.3,5.5,6,17.8,3.56,1.1897,5.5,6.3,0.8,1.14545,1.05,0.916667,42.0973,10.8388,27.315,80.251,16.0502,4.42781,10.8388,42.0973,31.2585,3.88394,1.54118,0.396807,0,0,0,0,0,INF,0,0,0,INF,INF,INF,0,0.000155061,0,0.000155061,3.10E-05,INF,0,0.000155061,0.000155061,0,INF,INF,203.3,223,36,462.3,92.46,10.7832,36,223,187,0.911659,5.64722,6.19444
La0.7Sr0.3Mn0.8Cr0.2O3,51.3,24.8,24,100.1,20.02,5.41079,24,51.3,27.3,2.06855,2.1375,1.03333,11.5,51.4,261,323.9,64.78,8.48133,11.5,261,249.5,0.223735,0.0440613,0.196935,123.52,54.3497,47.9982,225.868,45.1735,11.2363,47.9982,123.52,75.5216,2.27269,2.57343,1.13233,1150.1,1651.2,164.4,2965.7,593.14,50.7015,164.4,1651.2,1486.8,0.696524,6.99574,10.0438,2.7,6.8,48,57.5,11.5,1.72435,2.7,48,45.3,0.397059,0.05625,0.141667,5.7,4,6,15.7,3.14,1.08057,4,6,2,1.425,0.95,0.666667,203.4,139,198,540.4,108.08,36.6809,139,203.4,64.4,1.46331,1.02727,0.70202,1.055,1.572,10.32,12.947,2.5894,0.533419,1.055,10.32,9.265,0.67112,0.102229,0.152326,2,1.8,6,9.8,1.96,0.642857,1.8,6,4.2,1.11111,0.333333,0.3,0,0,12,12,2.4,INF,0,12,12,INF,0,0,0.7,5,0,5.7,1.14,INF,0,5,5,0.14,INF,INF,0,0,0,0,0,INF,0,0,0,INF,INF,INF,2.7,6.8,18,27.5,5.5,1.46178,2.7,18,15.3,0.397059,0.15,0.377778,0,0.2,0,0.2,0.04,INF,0,0.2,0.2,0,INF,INF,0,0,6,6,1.2,INF,0,6,6,INF,0,0,6.3,5,0,11.3,2.26,INF,0,6.3,6.3,1.26,INF,INF,0,0,0,0,0,INF,0,0,0,INF,INF,INF,6.3,5.2,6,17.5,3.5,1.17504,5.2,6.3,1.1,1.21154,1.05,0.866667,42.0973,10.6281,27.315,80.0403,16.0081,4.39223,10.6281,42.0973,31.4692,3.96095,1.54118,0.389093,0,0,0,0,0,INF,0,0,0,INF,INF,INF,0,0.000248097,0,0.000248097,4.96E-05,INF,0,0.000248097,0.000248097,0,INF,INF,203.3,219.4,36,458.7,91.74,10.7747,36,219.4,183.4,0.926618,5.64722,6.09444
La0.7Sr0.3Mn0.9Cu0.1O3,51.3,25.4,24,100.7,20.14,5.43882,24,51.3,27.3,2.01969,2.1375,1.05833,11.5,53.2,261,325.7,65.14,8.52895,11.5,261,249.5,0.216165,0.0440613,0.203831,123.52,55.7988,47.9982,227.317,45.4634,11.2969,47.9982,123.52,75.5216,2.21366,2.57343,1.16252,1150.1,1502.88,164.4,2817.38,563.475,50.5483,164.4,1502.88,1338.48,0.765266,6.99574,9.14159,2.7,7.4,48,58.1,11.62,1.76055,2.7,48,45.3,0.364865,0.05625,0.154167,5.7,4,6,15.7,3.14,1.08057,4,6,2,1.425,0.95,0.666667,203.4,138.3,198,539.7,107.94,36.6319,138.3,203.4,65.1,1.47072,1.02727,0.698485,1.055,1.585,10.32,12.96,2.592,0.534908,1.055,10.32,9.265,0.665615,0.102229,0.153585,2,1.9,6,9.9,1.98,0.655172,1.9,6,4.1,1.05263,0.333333,0.316667,0,0,12,12,2.4,INF,0,12,12,INF,0,0,0.7,5.5,0,6.2,1.24,INF,0,5.5,5.5,0.127273,INF,INF,0,0,0,0,0,INF,0,0,0,INF,INF,INF,2.7,7.4,18,28.1,5.62,1.48771,2.7,18,15.3,0.364865,0.15,0.411111,0,0.1,0,0.1,0.02,INF,0,0.1,0.1,0,INF,INF,0,0,6,6,1.2,INF,0,6,6,INF,0,0,6.3,4.5,0,10.8,2.16,INF,0,6.3,6.3,1.4,INF,INF,0,0,0,0,0,INF,0,0,0,INF,INF,INF,6.3,4.6,6,16.9,3.38,1.14139,4.6,6.3,1.7,1.36957,1.05,0.766667,42.0973,10.5458,27.315,79.9581,15.9916,4.37812,10.5458,42.0973,31.5514,3.99184,1.54118,0.386082,0,0,0,0,0,INF,0,0,0,INF,INF,INF,0,0.000279109,0,0.000279109,5.58E-05,INF,0,0.000279109,0.000279109,0,INF,INF,203.3,217.8,36,457.1,91.42,10.7708,36,217.8,181.8,0.933425,5.64722,6.05
La0.75Sr0.25Mn1O3,52.25,25,24,101.25,20.25,5.43069,24,52.25,28.25,2.09,2.17708,1.04167,11.75,52,261,324.75,64.95,8.63324,11.75,261,249.25,0.225962,0.0450192,0.199234,126.084,54.938,47.9982,229.02,45.8041,11.2821,47.9982,126.084,78.0859,2.29502,2.62685,1.14459,1157.25,1519,164.4,2840.65,568.13,50.5801,164.4,1519,1354.6,0.76185,7.03923,9.23966,2.75,7,48,57.75,11.55,1.75749,2.75,48,45.25,0.392857,0.0572917,0.145833,5.75,4,6,15.75,3.15,1.08235,4,6,2,1.4375,0.958333,0.666667,204,139,198,541,108.2,36.7003,139,204,65,1.46763,1.0303,0.70202,1.0625,1.55,10.32,12.9325,2.5865,0.532755,1.0625,10.32,9.2575,0.685484,0.102955,0.150194,2,2,6,10,2,0.666667,2,6,4,1,0.333333,0.333333,0,0,12,12,2.4,INF,0,12,12,INF,0,0,0.75,5,0,5.75,1.15,INF,0,5,5,0.15,INF,INF,0,0,0,0,0,INF,0,0,0,INF,INF,INF,2.75,7,18,27.75,5.55,1.48553,2.75,18,15.25,0.392857,0.152778,0.388889,0,0,0,0,0,INF,0,0,0,INF,INF,INF,0,0,6,6,1.2,INF,0,6,6,INF,0,0,6.75,5,0,11.75,2.35,INF,0,6.75,6.75,1.35,INF,INF,0,0,0,0,0,INF,0,0,0,INF,INF,INF,6.75,5,6,17.75,3.55,1.17904,5,6.75,1.75,1.35,1.125,0.833333,41.2306,10.4876,27.315,79.0332,15.8066,4.35854,10.4876,41.2306,30.743,3.93137,1.50945,0.38395,0,0,0,0,0,INF,0,0,0,INF,INF,INF,0,0.000310121,0,0.000310121,6.20E-05,INF,0,0.000310121,0.000310121,0,INF,INF,201.75,217,36,454.75,90.95,10.7645,36,217,181,0.929724,5.60417,6.02778
La0.7Sr0.3Mn0.6Cr0.4O3,51.3,24.6,24,99.9,19.98,5.40121,24,51.3,27.3,2.08537,2.1375,1.025,11.5,50.8,261,323.3,64.66,8.46483,11.5,261,249.5,0.226378,0.0440613,0.194636,123.52,53.7613,47.9982,225.279,45.0559,11.2109,47.9982,123.52,75.5216,2.29756,2.57343,1.12007,1150.1,1783.4,164.4,3097.9,619.58,50.8172,164.4,1783.4,1619,0.644892,6.99574,10.8479,2.7,6.6,48,57.3,11.46,1.7112,2.7,48,45.3,0.409091,0.05625,0.1375,5.7,4,6,15.7,3.14,1.08057,4,6,2,1.425,0.95,0.666667,203.4,139,198,540.4,108.08,36.6809,139,203.4,64.4,1.46331,1.02727,0.70202,1.055,1.594,10.32,12.969,2.5938,0.535929,1.055,10.32,9.265,0.661857,0.102229,0.154457,2,1.6,6,9.6,1.92,0.615385,1.6,6,4.4,1.25,0.333333,0.266667,0,0,12,12,2.4,INF,0,12,12,INF,0,0,0.7,5,0,5.7,1.14,INF,0,5,5,0.14,INF,INF,0,0,0,0,0,INF,0,0,0,INF,INF,INF,2.7,6.6,18,27.3,5.46,1.45232,2.7,18,15.3,0.409091,0.15,0.366667,0,0.4,0,0.4,0.08,INF,0,0.4,0.4,0,INF,INF,0,0,6,6,1.2,INF,0,6,6,INF,0,0,6.3,5,0,11.3,2.26,INF,0,6.3,6.3,1.26,INF,INF,0,0,0,0,0,INF,0,0,0,INF,INF,INF,6.3,5.4,6,17.7,3.54,1.18495,5.4,6.3,0.9,1.16667,1.05,0.9,42.0973,10.7686,27.315,80.1808,16.0362,4.41604,10.7686,42.0973,31.3287,3.90928,1.54118,0.394236,0,0,0,0,0,INF,0,0,0,INF,INF,INF,0,0.000186073,0,0.000186073,3.72E-05,INF,0,0.000186073,0.000186073,0,INF,INF,203.3,221.8,36,461.1,92.22,10.7804,36,221.8,185.8,0.916592,5.64722,6.16111
La0.7Sr0.25Ag0.05Mn1O3,51.75,25,24,100.75,20.15,5.42524,24,51.75,27.75,2.07,2.15625,1.04167,14.35,52,261,327.35,65.47,9.95903,14.35,261,246.65,0.275962,0.0549808,0.199234,124.532,54.938,47.9982,227.468,45.4937,11.2695,47.9982,124.532,76.534,2.26678,2.59452,1.14459,1159.35,1519,164.4,2842.75,568.549,50.5841,164.4,1519,1354.6,0.76323,7.05199,9.23966,3.15,7,48,58.15,11.63,1.91271,3.15,48,44.85,0.45,0.065625,0.145833,5.7,4,6,15.7,3.14,1.08057,4,6,2,1.425,0.95,0.666667,200.9,139,198,537.9,107.58,36.5987,139,200.9,61.9,1.44532,1.01465,0.70202,1.104,1.55,10.32,12.974,2.5948,0.54299,1.104,10.32,9.216,0.712258,0.106977,0.150194,1.95,2,6,9.95,1.99,0.661017,1.95,6,4.05,0.975,0.325,0.333333,0,0,12,12,2.4,INF,0,12,12,INF,0,0,1.2,5,0,6.2,1.24,INF,0,5,5,0.24,INF,INF,0,0,0,0,0,INF,0,0,0,INF,INF,INF,3.15,7,18,28.15,5.63,1.59494,3.15,18,14.85,0.45,0.175,0.388889,0.05,0,0,0.05,0.01,INF,0,0.05,0.05,INF,INF,INF,0,0,6,6,1.2,INF,0,6,6,INF,0,0,6.3,5,0,11.3,2.26,INF,0,6.3,6.3,1.26,INF,INF,0,0,0,0,0,INF,0,0,0,INF,INF,INF,6.35,5,6,17.35,3.47,1.16621,5,6.35,1.35,1.27,1.05833,0.833333,40.2022,10.4876,27.315,78.0048,15.601,4.34679,10.4876,40.2022,29.7147,3.83332,1.4718,0.38395,0,0,0,0,0,INF,0,0,0,INF,INF,INF,0,0.000310121,0,0.000310121,6.20E-05,INF,0,0.000310121,0.000310121,0,INF,INF,203.3,217,36,456.3,91.26,10.7688,36,217,181,0.936866,5.64722,6.02778
La0.7Sr0.05Ag0.25Mn1O3,53.55,25,24,102.55,20.51,5.44442,24,53.55,29.55,2.142,2.23125,1.04167,25.75,52,261,338.75,67.75,14.3761,25.75,261,235.25,0.495192,0.098659,0.199234,128.582,54.938,47.9982,231.518,46.3036,11.3018,47.9982,128.582,80.5837,2.34049,2.67889,1.14459,1196.33,1519,164.4,2879.73,575.947,50.6524,164.4,1519,1354.6,0.787579,7.27696,9.23966,4.95,7,48,59.95,11.99,2.45473,4.95,48,43.05,0.707143,0.103125,0.145833,5.7,4,6,15.7,3.14,1.08057,4,6,2,1.425,0.95,0.666667,190.9,139,198,527.9,105.58,36.2528,139,198,59,1.37338,0.964141,0.70202,1.3,1.55,10.32,13.17,2.634,0.586479,1.3,10.32,9.02,0.83871,0.125969,0.150194,1.75,2,6,9.75,1.95,0.636364,1.75,6,4.25,0.875,0.291667,0.333333,0,0,12,12,2.4,INF,0,12,12,INF,0,0,3.2,5,0,8.2,1.64,INF,0,5,5,0.64,INF,INF,0,0,0,0,0,INF,0,0,0,INF,INF,INF,4.95,7,18,29.95,5.99,1.95487,4.95,18,13.05,0.707143,0.275,0.388889,0.25,0,0,0.25,0.05,INF,0,0.25,0.25,INF,INF,INF,0,0,6,6,1.2,INF,0,6,6,INF,0,0,6.3,5,0,11.3,2.26,INF,0,6.3,6.3,1.26,INF,INF,0,0,0,0,0,INF,0,0,0,INF,INF,INF,6.55,5,6,17.55,3.51,1.17278,5,6.55,1.55,1.31,1.09167,0.833333,32.6223,10.4876,27.315,70.4248,14.085,4.24026,10.4876,32.6223,22.1347,3.11056,1.1943,0.38395,0,0,0,0,0,INF,0,0,0,INF,INF,INF,0,0.000310121,0,0.000310121,6.20E-05,INF,0,0.000310121,0.000310121,0,INF,INF,203.3,217,36,456.3,91.26,10.7688,36,217,181,0.936866,5.64722,6.02778
La0.75Ba0.1Ag0.15Mn1O3,55.4,25,24,104.4,20.88,5.46297,24,55.4,31.4,2.216,2.30833,1.04167,20.4,52,261,333.4,66.68,12.54,20.4,261,240.6,0.392308,0.0781609,0.199234,134.092,54.938,47.9982,237.028,47.4057,11.3427,47.9982,134.092,86.0938,2.44079,2.79369,1.14459,1179.99,1519,164.4,2863.39,572.678,50.6227,164.4,1519,1354.6,0.77682,7.17755,9.23966,4.1,7,48,59.1,11.82,2.22588,4.1,48,43.9,0.585714,0.0854167,0.145833,5.85,4,6,15.85,3.17,1.08585,4,6,2,1.4625,0.975,0.666667,198.5,139,198,535.5,107.1,36.5183,139,198.5,59.5,1.42806,1.00253,0.70202,1.2035,1.55,10.32,13.0735,2.6147,0.566005,1.2035,10.32,9.1165,0.776452,0.116618,0.150194,1.85,2,6,9.85,1.97,0.649123,1.85,6,4.15,0.925,0.308333,0.333333,0,0,12,12,2.4,INF,0,12,12,INF,0,0,2.25,5,0,7.25,1.45,INF,0,5,5,0.45,INF,INF,0,0,0,0,0,INF,0,0,0,INF,INF,INF,4.1,7,18,29.1,5.82,1.80693,4.1,18,13.9,0.585714,0.227778,0.388889,0.15,0,0,0.15,0.03,INF,0,0.15,0.15,INF,INF,INF,0,0,6,6,1.2,INF,0,6,6,INF,0,0,6.75,5,0,11.75,2.35,INF,0,6.75,6.75,1.35,INF,INF,0,0,0,0,0,INF,0,0,0,INF,INF,INF,6.9,5,6,17.9,3.58,1.18353,5,6.9,1.9,1.38,1.15,0.833333,36.4816,10.4876,27.315,74.2842,14.8568,4.29938,10.4876,36.4816,25.994,3.47855,1.33559,0.38395,0,0,0,0,0,INF,0,0,0,INF,INF,INF,0,0.000310121,0,0.000310121,6.20E-05,INF,0,0.000310121,0.000310121,0,INF,INF,202.15,217,36,455.15,91.03,10.7656,36,217,181,0.931567,5.61528,6.02778
La0.7Ca0.3Mn1O3,45.9,25,24,94.9,18.98,5.35371,24,45.9,21.9,1.836,1.9125,1.04167,11.2,52,261,324.2,64.84,8.33259,11.2,261,249.8,0.215385,0.0429119,0.199234,109.257,54.938,47.9982,212.193,42.4387,11.1287,47.9982,109.257,61.259,1.98874,2.27628,1.14459,1169.6,1519,164.4,2853,570.6,50.6035,164.4,1519,1354.6,0.76998,7.11436,9.23966,2.7,7,48,57.7,11.54,1.73693,2.7,48,45.3,0.385714,0.05625,0.145833,5.4,4,6,15.4,3.08,1.06931,4,6,2,1.35,0.9,0.666667,197.7,139,198,534.7,106.94,36.4911,139,198,59,1.4223,0.998485,0.70202,1.07,1.55,10.32,12.94,2.588,0.534634,1.07,10.32,9.25,0.690323,0.103682,0.150194,2,2,6,10,2,0.666667,2,6,4,1,0.333333,0.333333,0,0,12,12,2.4,INF,0,12,12,INF,0,0,0.7,5,0,5.7,1.14,INF,0,5,5,0.14,INF,INF,0,0,0,0,0,INF,0,0,0,INF,INF,INF,2.7,7,18,27.7,5.54,1.47082,2.7,18,15.3,0.385714,0.15,0.388889,0,0,0,0,0,INF,0,0,0,INF,INF,INF,0,0,6,6,1.2,INF,0,6,6,INF,0,0,6.3,5,0,11.3,2.26,INF,0,6.3,6.3,1.26,INF,INF,0,0,0,0,0,INF,0,0,0,INF,INF,INF,6.3,5,6,17.3,3.46,1.16451,5,6.3,1.3,1.26,1.05,0.833333,37.1593,10.4876,27.315,74.9618,14.9924,4.30864,10.4876,37.1593,26.6717,3.54317,1.3604,0.38395,0,0,0,0,0,INF,0,0,0,INF,INF,INF,0,0.000310121,0,0.000310121,6.20E-05,INF,0,0.000310121,0.000310121,0,INF,INF,203.3,217,36,456.3,91.26,10.7688,36,217,181,0.936866,5.64722,6.02778
La0.7Ag0.3Mn1O3,54,25,24,103,20.6,5.44904,24,54,30,2.16,2.25,1.04167,28.6,52,261,341.6,68.32,15.223,28.6,261,232.4,0.55,0.109579,0.199234,129.594,54.938,47.9982,232.531,46.5061,11.3095,47.9982,129.594,81.5961,2.35892,2.69998,1.14459,1205.58,1519,164.4,2888.98,577.796,50.6689,164.4,1519,1354.6,0.793666,7.33321,9.23966,5.4,7,48,60.4,12.08,2.56054,5.4,48,42.6,0.771429,0.1125,0.145833,5.7,4,6,15.7,3.14,1.08057,4,6,2,1.425,0.95,0.666667,188.4,139,198,525.4,105.08,36.1616,139,198,59,1.3554,0.951515,0.70202,1.349,1.55,10.32,13.219,2.6438,0.59625,1.349,10.32,8.971,0.870323,0.130717,0.150194,1.7,2,6,9.7,1.94,0.62963,1.7,6,4.3,0.85,0.283333,0.333333,0,0,12,12,2.4,INF,0,12,12,INF,0,0,3.7,5,0,8.7,1.74,INF,0,5,5,0.74,INF,INF,0,0,0,0,0,INF,0,0,0,INF,INF,INF,5.4,7,18,30.4,6.08,2.02139,5.4,18,12.6,0.771429,0.3,0.388889,0.3,0,0,0.3,0.06,INF,0,0.3,0.3,INF,INF,INF,0,0,6,6,1.2,INF,0,6,6,INF,0,0,6.3,5,0,11.3,2.26,INF,0,6.3,6.3,1.26,INF,INF,0,0,0,0,0,INF,0,0,0,INF,INF,INF,6.6,5,6,17.6,3.52,1.17438,5,6.6,1.6,1.32,1.1,0.833333,30.7273,10.4876,27.315,68.5298,13.706,4.20654,10.4876,30.7273,20.2397,2.92987,1.12492,0.38395,0,0,0,0,0,INF,0,0,0,INF,INF,INF,0,0.000310121,0,0.000310121,6.20E-05,INF,0,0.000310121,0.000310121,0,INF,INF,203.3,217,36,456.3,91.26,10.7688,36,217,181,0.936866,5.64722,6.02778
La0.89Sr0.11Mn1O3,54.91,25,24,103.91,20.782,5.45817,24,54.91,30.91,2.1964,2.28792,1.04167,12.45,52,261,325.45,65.09,9.00525,12.45,261,248.55,0.239423,0.0477011,0.199234,133.264,54.938,47.9982,236.2,47.2401,11.3368,47.9982,133.264,85.2659,2.42572,2.77644,1.14459,1177.27,1519,164.4,2860.67,572.134,50.6177,164.4,1519,1354.6,0.77503,7.16101,9.23966,2.89,7,48,57.89,11.578,1.81364,2.89,48,45.11,0.412857,0.0602083,0.145833,5.89,4,6,15.89,3.178,1.08722,4,6,2,1.4725,0.981667,0.666667,205.68,139,198,542.68,108.536,36.7543,139,205.68,66.68,1.47971,1.03879,0.70202,1.0835,1.55,10.32,12.9535,2.5907,0.537983,1.0835,10.32,9.2365,0.699032,0.10499,0.150194,2,2,6,10,2,0.666667,2,6,4,1,0.333333,0.333333,0,0,12,12,2.4,INF,0,12,12,INF,0,0,0.89,5,0,5.89,1.178,INF,0,5,5,0.178,INF,INF,0,0,0,0,0,INF,0,0,0,INF,INF,INF,2.89,7,18,27.89,5.578,1.52545,2.89,18,15.11,0.412857,0.160556,0.388889,0,0,0,0,0,INF,0,0,0,INF,INF,INF,0,0,6,6,1.2,INF,0,6,6,INF,0,0,8.01,5,0,13.01,2.602,INF,0,8.01,8.01,1.602,INF,INF,0,0,0,0,0,INF,0,0,0,INF,INF,INF,8.01,5,6,19.01,3.802,1.21235,5,8.01,3.01,1.602,1.335,0.833333,38.8041,10.4876,27.315,76.6067,15.3213,4.32992,10.4876,38.8041,28.3165,3.7,1.42061,0.38395,0,0,0,0,0,INF,0,0,0,INF,INF,INF,0,0.000310121,0,0.000310121,6.20E-05,INF,0,0.000310121,0.000310121,0,INF,INF,197.41,217,36,450.41,90.082,10.7519,36,217,181,0.909724,5.48361,6.02778
La0.88Sr0.12Mn1O3,54.72,25,24,103.72,20.744,5.45629,24,54.72,30.72,2.1888,2.28,1.04167,12.4,52,261,325.4,65.08,8.97906,12.4,261,248.6,0.238462,0.0475096,0.199234,132.751,54.938,47.9982,235.687,47.1375,11.333,47.9982,132.751,84.753,2.41638,2.76575,1.14459,1175.84,1519,164.4,2859.24,571.848,50.6151,164.4,1519,1354.6,0.774088,7.15231,9.23966,2.88,7,48,57.88,11.576,1.80969,2.88,48,45.12,0.411429,0.06,0.145833,5.88,4,6,15.88,3.176,1.08688,4,6,2,1.47,0.98,0.666667,205.56,139,198,542.56,108.512,36.7505,139,205.56,66.56,1.47885,1.03818,0.70202,1.082,1.55,10.32,12.952,2.5904,0.537613,1.082,10.32,9.238,0.698065,0.104845,0.150194,2,2,6,10,2,0.666667,2,6,4,1,0.333333,0.333333,0,0,12,12,2.4,INF,0,12,12,INF,0,0,0.88,5,0,5.88,1.176,INF,0,5,5,0.176,INF,INF,0,0,0,0,0,INF,0,0,0,INF,INF,INF,2.88,7,18,27.88,5.576,1.52266,2.88,18,15.12,0.411429,0.16,0.388889,0,0,0,0,0,INF,0,0,0,INF,INF,INF,0,0,6,6,1.2,INF,0,6,6,INF,0,0,7.92,5,0,12.92,2.584,INF,0,7.92,7.92,1.584,INF,INF,0,0,0,0,0,INF,0,0,0,INF,INF,INF,7.92,5,6,18.92,3.784,1.21027,5,7.92,2.92,1.584,1.32,0.833333,38.9774,10.4876,27.315,76.78,15.356,4.33207,10.4876,38.9774,28.4898,3.71653,1.42696,0.38395,0,0,0,0,0,INF,0,0,0,INF,INF,INF,0,0.000310121,0,0.000310121,6.20E-05,INF,0,0.000310121,0.000310121,0,INF,INF,197.72,217,36,450.72,90.144,10.7528,36,217,181,0.911152,5.49222,6.02778
La0.875Sr0.125Mn1O3,54.625,25,24,103.625,20.725,5.45534,24,54.625,30.625,2.185,2.27604,1.04167,12.375,52,261,325.375,65.075,8.96595,12.375,261,248.625,0.237981,0.0474138,0.199234,132.495,54.938,47.9982,235.431,47.0862,11.3312,47.9982,132.495,84.4966,2.41171,2.76041,1.14459,1175.12,1519,164.4,2858.53,571.705,50.6138,164.4,1519,1354.6,0.773618,7.14796,9.23966,2.875,7,48,57.875,11.575,1.80772,2.875,48,45.125,0.410714,0.0598958,0.145833,5.875,4,6,15.875,3.175,1.08671,4,6,2,1.46875,0.979167,0.666667,205.5,139,198,542.5,108.5,36.7486,139,205.5,66.5,1.47842,1.03788,0.70202,1.08125,1.55,10.32,12.9512,2.59025,0.537428,1.08125,10.32,9.23875,0.697581,0.104772,0.150194,2,2,6,10,2,0.666667,2,6,4,1,0.333333,0.333333,0,0,12,12,2.4,INF,0,12,12,INF,0,0,0.875,5,0,5.875,1.175,INF,0,5,5,0.175,INF,INF,0,0,0,0,0,INF,0,0,0,INF,INF,INF,2.875,7,18,27.875,5.575,1.52126,2.875,18,15.125,0.410714,0.159722,0.388889,0,0,0,0,0,INF,0,0,0,INF,INF,INF,0,0,6,6,1.2,INF,0,6,6,INF,0,0,7.875,5,0,12.875,2.575,INF,0,7.875,7.875,1.575,INF,INF,0,0,0,0,0,INF,0,0,0,INF,INF,INF,7.875,5,6,18.875,3.775,1.20921,5,7.875,2.875,1.575,1.3125,0.833333,39.0641,10.4876,27.315,76.8666,15.3733,4.33314,10.4876,39.0641,28.5765,3.72479,1.43013,0.38395,0,0,0,0,0,INF,0,0,0,INF,INF,INF,0,0.000310121,0,0.000310121,6.20E-05,INF,0,0.000310121,0.000310121,0,INF,INF,197.875,217,36,450.875,90.175,10.7532,36,217,181,0.911866,5.49653,6.02778
La0.865Sr0.135Mn1O3,54.435,25,24,103.435,20.687,5.45344,24,54.435,30.435,2.1774,2.26812,1.04167,12.325,52,261,325.325,65.065,8.93967,12.325,261,248.675,0.237019,0.0472222,0.199234,131.982,54.938,47.9982,234.918,46.9836,11.3274,47.9982,131.982,83.9837,2.40238,2.74973,1.14459,1173.69,1519,164.4,2857.09,571.419,50.6111,164.4,1519,1354.6,0.772676,7.13926,9.23966,2.865,7,48,57.865,11.573,1.80376,2.865,48,45.135,0.409286,0.0596875,0.145833,5.865,4,6,15.865,3.173,1.08636,4,6,2,1.46625,0.9775,0.666667,205.38,139,198,542.38,108.476,36.7447,139,205.38,66.38,1.47755,1.03727,0.70202,1.07975,1.55,10.32,12.9497,2.58995,0.537057,1.07975,10.32,9.24025,0.696613,0.104627,0.150194,2,2,6,10,2,0.666667,2,6,4,1,0.333333,0.333333,0,0,12,12,2.4,INF,0,12,12,INF,0,0,0.865,5,0,5.865,1.173,INF,0,5,5,0.173,INF,INF,0,0,0,0,0,INF,0,0,0,INF,INF,INF,2.865,7,18,27.865,5.573,1.51846,2.865,18,15.135,0.409286,0.159167,0.388889,0,0,0,0,0,INF,0,0,0,INF,INF,INF,0,0,6,6,1.2,INF,0,6,6,INF,0,0,7.785,5,0,12.785,2.557,INF,0,7.785,7.785,1.557,INF,INF,0,0,0,0,0,INF,0,0,0,INF,INF,INF,7.785,5,6,18.785,3.757,1.20707,5,7.785,2.785,1.557,1.2975,0.833333,39.2374,10.4876,27.315,77.04,15.408,4.33526,10.4876,39.2374,28.7498,3.74132,1.43648,0.38395,0,0,0,0,0,INF,0,0,0,INF,INF,INF,0,0.000310121,0,0.000310121,6.20E-05,INF,0,0.000310121,0.000310121,0,INF,INF,198.185,217,36,451.185,90.237,10.7541,36,217,181,0.913295,5.50514,6.02778
La0.855Sr0.145Mn1O3,54.245,25,24,103.245,20.649,5.45153,24,54.245,30.245,2.1698,2.26021,1.04167,12.275,52,261,325.275,65.055,8.91334,12.275,261,248.725,0.236058,0.0470307,0.199234,131.469,54.938,47.9982,234.405,46.8811,11.3236,47.9982,131.469,83.4709,2.39304,2.73904,1.14459,1172.26,1519,164.4,2855.66,571.133,50.6084,164.4,1519,1354.6,0.771735,7.13057,9.23966,2.855,7,48,57.855,11.571,1.79979,2.855,48,45.145,0.407857,0.0594792,0.145833,5.855,4,6,15.855,3.171,1.08602,4,6,2,1.46375,0.975833,0.666667,205.26,139,198,542.26,108.452,36.7409,139,205.26,66.26,1.47669,1.03667,0.70202,1.07825,1.55,10.32,12.9482,2.58965,0.536686,1.07825,10.32,9.24175,0.695645,0.104482,0.150194,2,2,6,10,2,0.666667,2,6,4,1,0.333333,0.333333,0,0,12,12,2.4,INF,0,12,12,INF,0,0,0.855,5,0,5.855,1.171,INF,0,5,5,0.171,INF,INF,0,0,0,0,0,INF,0,0,0,INF,INF,INF,2.855,7,18,27.855,5.571,1.51564,2.855,18,15.145,0.407857,0.158611,0.388889,0,0,0,0,0,INF,0,0,0,INF,INF,INF,0,0,6,6,1.2,INF,0,6,6,INF,0,0,7.695,5,0,12.695,2.539,INF,0,7.695,7.695,1.539,INF,INF,0,0,0,0,0,INF,0,0,0,INF,INF,INF,7.695,5,6,18.695,3.739,1.20489,5,7.695,2.695,1.539,1.2825,0.833333,39.4107,10.4876,27.315,77.2133,15.4427,4.33737,10.4876,39.4107,28.9231,3.75784,1.44282,0.38395,0,0,0,0,0,INF,0,0,0,INF,INF,INF,0,0.000310121,0,0.000310121,6.20E-05,INF,0,0.000310121,0.000310121,0,INF,INF,198.495,217,36,451.495,90.299,10.7551,36,217,181,0.914724,5.51375,6.02778
La0.845Sr0.155Mn1O3,54.055,25,24,103.055,20.611,5.4496,24,54.055,30.055,2.1622,2.25229,1.04167,12.225,52,261,325.225,65.045,8.88694,12.225,261,248.775,0.235096,0.0468391,0.199234,130.956,54.938,47.9982,233.892,46.7785,11.3198,47.9982,130.956,82.958,2.38371,2.72836,1.14459,1170.83,1519,164.4,2854.24,570.847,50.6058,164.4,1519,1354.6,0.770793,7.12187,9.23966,2.845,7,48,57.845,11.569,1.79581,2.845,48,45.155,0.406429,0.0592708,0.145833,5.845,4,6,15.845,3.169,1.08567,4,6,2,1.46125,0.974167,0.666667,205.14,139,198,542.14,108.428,36.737,139,205.14,66.14,1.47583,1.03606,0.70202,1.07675,1.55,10.32,12.9468,2.58935,0.536314,1.07675,10.32,9.24325,0.694677,0.104336,0.150194,2,2,6,10,2,0.666667,2,6,4,1,0.333333,0.333333,0,0,12,12,2.4,INF,0,12,12,INF,0,0,0.845,5,0,5.845,1.169,INF,0,5,5,0.169,INF,INF,0,0,0,0,0,INF,0,0,0,INF,INF,INF,2.845,7,18,27.845,5.569,1.51282,2.845,18,15.155,0.406429,0.158056,0.388889,0,0,0,0,0,INF,0,0,0,INF,INF,INF,0,0,6,6,1.2,INF,0,6,6,INF,0,0,7.605,5,0,12.605,2.521,INF,0,7.605,7.605,1.521,INF,INF,0,0,0,0,0,INF,0,0,0,INF,INF,INF,7.605,5,6,18.605,3.721,1.20266,5,7.605,2.605,1.521,1.2675,0.833333,39.584,10.4876,27.315,77.3866,15.4773,4.33946,10.4876,39.584,29.0965,3.77437,1.44917,0.38395,0,0,0,0,0,INF,0,0,0,INF,INF,INF,0,0.000310121,0,0.000310121,6.20E-05,INF,0,0.000310121,0.000310121,0,INF,INF,198.805,217,36,451.805,90.361,10.756,36,217,181,0.916152,5.52236,6.02778
La0.835Sr0.165Mn1O3,53.865,25,24,102.865,20.573,5.44766,24,53.865,29.865,2.1546,2.24438,1.04167,12.175,52,261,325.175,65.035,8.86049,12.175,261,248.825,0.234135,0.0466475,0.199234,130.443,54.938,47.9982,233.38,46.6759,11.316,47.9982,130.443,82.4452,2.37437,2.71767,1.14459,1169.4,1519,164.4,2852.8,570.561,50.6031,164.4,1519,1354.6,0.769852,7.11317,9.23966,2.835,7,48,57.835,11.567,1.79182,2.835,48,45.165,0.405,0.0590625,0.145833,5.835,4,6,15.835,3.167,1.08533,4,6,2,1.45875,0.9725,0.666667,205.02,139,198,542.02,108.404,36.7332,139,205.02,66.02,1.47496,1.03545,0.70202,1.07525,1.55,10.32,12.9453,2.58905,0.535942,1.07525,10.32,9.24475,0.69371,0.104191,0.150194,2,2,6,10,2,0.666667,2,6,4,1,0.333333,0.333333,0,0,12,12,2.4,INF,0,12,12,INF,0,0,0.835,5,0,5.835,1.167,INF,0,5,5,0.167,INF,INF,0,0,0,0,0,INF,0,0,0,INF,INF,INF,2.835,7,18,27.835,5.567,1.50999,2.835,18,15.165,0.405,0.1575,0.388889,0,0,0,0,0,INF,0,0,0,INF,INF,INF,0,0,6,6,1.2,INF,0,6,6,INF,0,0,7.515,5,0,12.515,2.503,INF,0,7.515,7.515,1.503,INF,INF,0,0,0,0,0,INF,0,0,0,INF,INF,INF,7.515,5,6,18.515,3.703,1.20038,5,7.515,2.515,1.503,1.2525,0.833333,39.7574,10.4876,27.315,77.5599,15.512,4.34154,10.4876,39.7574,29.2698,3.7909,1.45551,0.38395,0,0,0,0,0,INF,0,0,0,INF,INF,INF,0,0.000310121,0,0.000310121,6.20E-05,INF,0,0.000310121,0.000310121,0,INF,INF,199.115,217,36,452.115,90.423,10.7569,36,217,181,0.917581,5.53097,6.02778
La0.83Sr0.17Mn1O3,53.77,25,24,102.77,20.554,5.44669,24,53.77,29.77,2.1508,2.24042,1.04167,12.15,52,261,325.15,65.03,8.84724,12.15,261,248.85,0.233654,0.0465517,0.199234,130.187,54.938,47.9982,233.123,46.6246,11.314,47.9982,130.187,82.1887,2.3697,2.71233,1.14459,1168.69,1519,164.4,2852.09,570.418,50.6018,164.4,1519,1354.6,0.769381,7.10882,9.23966,2.83,7,48,57.83,11.566,1.78982,2.83,48,45.17,0.404286,0.0589583,0.145833,5.83,4,6,15.83,3.166,1.08516,4,6,2,1.4575,0.971667,0.666667,204.96,139,198,541.96,108.392,36.7313,139,204.96,65.96,1.47453,1.03515,0.70202,1.0745,1.55,10.32,12.9445,2.5889,0.535755,1.0745,10.32,9.2455,0.693226,0.104118,0.150194,2,2,6,10,2,0.666667,2,6,4,1,0.333333,0.333333,0,0,12,12,2.4,INF,0,12,12,INF,0,0,0.83,5,0,5.83,1.166,INF,0,5,5,0.166,INF,INF,0,0,0,0,0,INF,0,0,0,INF,INF,INF,2.83,7,18,27.83,5.566,1.50857,2.83,18,15.17,0.404286,0.157222,0.388889,0,0,0,0,0,INF,0,0,0,INF,INF,INF,0,0,6,6,1.2,INF,0,6,6,INF,0,0,7.47,5,0,12.47,2.494,INF,0,7.47,7.47,1.494,INF,INF,0,0,0,0,0,INF,0,0,0,INF,INF,INF,7.47,5,6,18.47,3.694,1.19923,5,7.47,2.47,1.494,1.245,0.833333,39.844,10.4876,27.315,77.6466,15.5293,4.34257,10.4876,39.844,29.3564,3.79916,1.45869,0.38395,0,0,0,0,0,INF,0,0,0,INF,INF,INF,0,0.000310121,0,0.000310121,6.20E-05,INF,0,0.000310121,0.000310121,0,INF,INF,199.27,217,36,452.27,90.454,10.7573,36,217,181,0.918295,5.53528,6.02778
La0.825Sr0.175Mn1O3,53.675,25,24,102.675,20.535,5.44571,24,53.675,29.675,2.147,2.23646,1.04167,12.125,52,261,325.125,65.025,8.83398,12.125,261,248.875,0.233173,0.0464559,0.199234,129.931,54.938,47.9982,232.867,46.5734,11.3121,47.9982,129.931,81.9323,2.36504,2.70699,1.14459,1167.97,1519,164.4,2851.38,570.275,50.6004,164.4,1519,1354.6,0.76891,7.10447,9.23966,2.825,7,48,57.825,11.565,1.78782,2.825,48,45.175,0.403571,0.0588542,0.145833,5.825,4,6,15.825,3.165,1.08498,4,6,2,1.45625,0.970833,0.666667,204.9,139,198,541.9,108.38,36.7293,139,204.9,65.9,1.4741,1.03485,0.70202,1.07375,1.55,10.32,12.9438,2.58875,0.535569,1.07375,10.32,9.24625,0.692742,0.104046,0.150194,2,2,6,10,2,0.666667,2,6,4,1,0.333333,0.333333,0,0,12,12,2.4,INF,0,12,12,INF,0,0,0.825,5,0,5.825,1.165,INF,0,5,5,0.165,INF,INF,0,0,0,0,0,INF,0,0,0,INF,INF,INF,2.825,7,18,27.825,5.565,1.50715,2.825,18,15.175,0.403571,0.156944,0.388889,0,0,0,0,0,INF,0,0,0,INF,INF,INF,0,0,6,6,1.2,INF,0,6,6,INF,0,0,7.425,5,0,12.425,2.485,INF,0,7.425,7.425,1.485,INF,INF,0,0,0,0,0,INF,0,0,0,INF,INF,INF,7.425,5,6,18.425,3.685,1.19806,5,7.425,2.425,1.485,1.2375,0.833333,39.9307,10.4876,27.315,77.7333,15.5467,4.3436,10.4876,39.9307,29.4431,3.80742,1.46186,0.38395,0,0,0,0,0,INF,0,0,0,INF,INF,INF,0,0.000310121,0,0.000310121,6.20E-05,INF,0,0.000310121,0.000310121,0,INF,INF,199.425,217,36,452.425,90.485,10.7578,36,217,181,0.919009,5.53958,6.02778
La0.72Sr0.28Mn1O3,51.68,25,24,100.68,20.136,5.42447,24,51.68,27.68,2.0672,2.15333,1.04167,11.6,52,261,324.6,64.92,8.55198,11.6,261,249.4,0.223077,0.0444444,0.199234,124.546,54.938,47.9982,227.482,45.4964,11.2697,47.9982,124.546,76.5473,2.26702,2.5948,1.14459,1152.96,1519,164.4,2836.36,567.272,50.5719,164.4,1519,1354.6,0.759026,7.01314,9.23966,2.72,7,48,57.72,11.544,1.74519,2.72,48,45.28,0.388571,0.0566667,0.145833,5.72,4,6,15.72,3.144,1.08129,4,6,2,1.43,0.953333,0.666667,203.64,139,198,540.64,108.128,36.6886,139,203.64,64.64,1.46504,1.02848,0.70202,1.058,1.55,10.32,12.928,2.5856,0.531621,1.058,10.32,9.262,0.682581,0.102519,0.150194,2,2,6,10,2,0.666667,2,6,4,1,0.333333,0.333333,0,0,12,12,2.4,INF,0,12,12,INF,0,0,0.72,5,0,5.72,1.144,INF,0,5,5,0.144,INF,INF,0,0,0,0,0,INF,0,0,0,INF,INF,INF,2.72,7,18,27.72,5.544,1.47673,2.72,18,15.28,0.388571,0.151111,0.388889,0,0,0,0,0,INF,0,0,0,INF,INF,INF,0,0,6,6,1.2,INF,0,6,6,INF,0,0,6.48,5,0,11.48,2.296,INF,0,6.48,6.48,1.296,INF,INF,0,0,0,0,0,INF,0,0,0,INF,INF,INF,6.48,5,6,17.48,3.496,1.17052,5,6.48,1.48,1.296,1.08,0.833333,41.7506,10.4876,27.315,79.5532,15.9106,4.36429,10.4876,41.7506,31.263,3.98095,1.52849,0.38395,0,0,0,0,0,INF,0,0,0,INF,INF,INF,0,0.000310121,0,0.000310121,6.20E-05,INF,0,0.000310121,0.000310121,0,INF,INF,202.68,217,36,455.68,91.136,10.7671,36,217,181,0.934009,5.63,6.02778
La0.69Sr0.31Mn1O3,51.11,25,24,100.11,20.022,5.41813,24,51.11,27.11,2.0444,2.12958,1.04167,11.45,52,261,324.45,64.89,8.47018,11.45,261,249.55,0.220192,0.0438697,0.199234,123.007,54.938,47.9982,225.943,45.1886,11.2569,47.9982,123.007,75.0088,2.23901,2.56274,1.14459,1148.67,1519,164.4,2832.07,566.414,50.5636,164.4,1519,1354.6,0.756201,6.98704,9.23966,2.69,7,48,57.69,11.538,1.73279,2.69,48,45.31,0.384286,0.0560417,0.145833,5.69,4,6,15.69,3.138,1.08021,4,6,2,1.4225,0.948333,0.666667,203.28,139,198,540.28,108.056,36.6769,139,203.28,64.28,1.46245,1.02667,0.70202,1.0535,1.55,10.32,12.9235,2.5847,0.530483,1.0535,10.32,9.2665,0.679677,0.102083,0.150194,2,2,6,10,2,0.666667,2,6,4,1,0.333333,0.333333,0,0,12,12,2.4,INF,0,12,12,INF,0,0,0.69,5,0,5.69,1.138,INF,0,5,5,0.138,INF,INF,0,0,0,0,0,INF,0,0,0,INF,INF,INF,2.69,7,18,27.69,5.538,1.46784,2.69,18,15.31,0.384286,0.149444,0.388889,0,0,0,0,0,INF,0,0,0,INF,INF,INF,0,0,6,6,1.2,INF,0,6,6,INF,0,0,6.21,5,0,11.21,2.242,INF,0,6.21,6.21,1.242,INF,INF,0,0,0,0,0,INF,0,0,0,INF,INF,INF,6.21,5,6,17.21,3.442,1.1614,5,6.21,1.21,1.242,1.035,0.833333,42.2706,10.4876,27.315,80.0732,16.0146,4.36991,10.4876,42.2706,31.783,4.03053,1.54752,0.38395,0,0,0,0,0,INF,0,0,0,INF,INF,INF,0,0.000310121,0,0.000310121,6.20E-05,INF,0,0.000310121,0.000310121,0,INF,INF,203.61,217,36,456.61,91.322,10.7697,36,217,181,0.938295,5.65583,6.02778
La0.64Sr0.36Mn1O3,50.16,25,24,99.16,19.832,5.40727,24,50.16,26.16,2.0064,2.09,1.04167,11.2,52,261,324.2,64.84,8.33259,11.2,261,249.8,0.215385,0.0429119,0.199234,120.443,54.938,47.9982,223.379,44.6758,11.235,47.9982,120.443,72.4445,2.19234,2.50932,1.14459,1141.52,1519,164.4,2824.92,564.984,50.5497,164.4,1519,1354.6,0.751494,6.94355,9.23966,2.64,7,48,57.64,11.528,1.7119,2.64,48,45.36,0.377143,0.055,0.145833,5.64,4,6,15.64,3.128,1.07839,4,6,2,1.41,0.94,0.666667,202.68,139,198,539.68,107.936,36.6574,139,202.68,63.68,1.45813,1.02364,0.70202,1.046,1.55,10.32,12.916,2.5832,0.528574,1.046,10.32,9.274,0.674839,0.101357,0.150194,2,2,6,10,2,0.666667,2,6,4,1,0.333333,0.333333,0,0,12,12,2.4,INF,0,12,12,INF,0,0,0.64,5,0,5.64,1.128,INF,0,5,5,0.128,INF,INF,0,0,0,0,0,INF,0,0,0,INF,INF,INF,2.64,7,18,27.64,5.528,1.45283,2.64,18,15.36,0.377143,0.146667,0.388889,0,0,0,0,0,INF,0,0,0,INF,INF,INF,0,0,6,6,1.2,INF,0,6,6,INF,0,0,5.76,5,0,10.76,2.152,INF,0,5.76,5.76,1.152,INF,INF,0,0,0,0,0,INF,0,0,0,INF,INF,INF,5.76,5,6,16.76,3.352,1.14467,5,6,1,1.152,0.96,0.833333,43.1372,10.4876,27.315,80.9398,16.188,4.379,10.4876,43.1372,32.6496,4.11317,1.57925,0.38395,0,0,0,0,0,INF,0,0,0,INF,INF,INF,0,0.000310121,0,0.000310121,6.20E-05,INF,0,0.000310121,0.000310121,0,INF,INF,205.16,217,36,458.16,91.632,10.774,36,217,181,0.945438,5.69889,6.02778
La0.52Sr0.48Mn1O3,47.88,25,24,96.88,19.376,5.37965,24,47.88,23.88,1.9152,1.995,1.04167,10.6,52,261,323.6,64.72,7.99586,10.6,261,250.4,0.203846,0.040613,0.199234,114.288,54.938,47.9982,217.225,43.4449,11.1789,47.9982,114.288,66.2902,2.08032,2.3811,1.14459,1124.36,1519,164.4,2807.76,561.552,50.5155,164.4,1519,1354.6,0.740197,6.83917,9.23966,2.52,7,48,57.52,11.504,1.66063,2.52,48,45.48,0.36,0.0525,0.145833,5.52,4,6,15.52,3.104,1.07393,4,6,2,1.38,0.92,0.666667,201.24,139,198,538.24,107.648,36.61,139,201.24,62.24,1.44777,1.01636,0.70202,1.028,1.55,10.32,12.898,2.5796,0.523938,1.028,10.32,9.292,0.663226,0.0996124,0.150194,2,2,6,10,2,0.666667,2,6,4,1,0.333333,0.333333,0,0,12,12,2.4,INF,0,12,12,INF,0,0,0.52,5,0,5.52,1.104,INF,0,5,5,0.104,INF,INF,0,0,0,0,0,INF,0,0,0,INF,INF,INF,2.52,7,18,27.52,5.504,1.41573,2.52,18,15.48,0.36,0.14,0.388889,0,0,0,0,0,INF,0,0,0,INF,INF,INF,0,0,6,6,1.2,INF,0,6,6,INF,0,0,4.68,5,0,9.68,1.936,INF,0,5,5,0.936,INF,INF,0,0,0,0,0,INF,0,0,0,INF,INF,INF,4.68,5,6,15.68,3.136,1.09448,4.68,6,1.32,0.936,0.78,0.833333,45.2171,10.4876,27.315,83.0197,16.6039,4.39955,10.4876,45.2171,34.7295,4.31149,1.65539,0.38395,0,0,0,0,0,INF,0,0,0,INF,INF,INF,0,0.000310121,0,0.000310121,6.20E-05,INF,0,0.000310121,0.000310121,0,INF,INF,208.88,217,36,461.88,92.376,10.7841,36,217,181,0.962581,5.80222,6.02778
La0.50Sr0.50Mn1O3,47.5,25,24,96.5,19.3,5.37482,24,47.5,23.5,1.9,1.97917,1.04167,10.5,52,261,323.5,64.7,7.93883,10.5,261,250.5,0.201923,0.0402299,0.199234,113.263,54.938,47.9982,216.199,43.2398,11.169,47.9982,113.263,65.2645,2.06164,2.35973,1.14459,1121.5,1519,164.4,2804.9,560.98,50.5097,164.4,1519,1354.6,0.738315,6.82178,9.23966,2.5,7,48,57.5,11.5,1.65192,2.5,48,45.5,0.357143,0.0520833,0.145833,5.5,4,6,15.5,3.1,1.07317,4,6,2,1.375,0.916667,0.666667,201,139,198,538,107.6,36.602,139,201,62,1.44604,1.01515,0.70202,1.025,1.55,10.32,12.895,2.579,0.523158,1.025,10.32,9.295,0.66129,0.0993217,0.150194,2,2,6,10,2,0.666667,2,6,4,1,0.333333,0.333333,0,0,12,12,2.4,INF,0,12,12,INF,0,0,0.5,5,0,5.5,1.1,INF,0,5,5,0.1,INF,INF,0,0,0,0,0,INF,0,0,0,INF,INF,INF,2.5,7,18,27.5,5.5,1.4094,2.5,18,15.5,0.357143,0.138889,0.388889,0,0,0,0,0,INF,0,0,0,INF,INF,INF,0,0,6,6,1.2,INF,0,6,6,INF,0,0,4.5,5,0,9.5,1.9,INF,0,5,5,0.9,INF,INF,0,0,0,0,0,INF,0,0,0,INF,INF,INF,4.5,5,6,15.5,3.1,1.08434,4.5,6,1.5,0.9,0.75,0.833333,45.5637,10.4876,27.315,83.3663,16.6733,4.40281,10.4876,45.5637,35.0762,4.34454,1.66809,0.38395,0,0,0,0,0,INF,0,0,0,INF,INF,INF,0,0.000310121,0,0.000310121,6.20E-05,INF,0,0.000310121,0.000310121,0,INF,INF,209.5,217,36,462.5,92.5,10.7858,36,217,181,0.965438,5.81944,6.02778
La0.48Sr0.52Mn1O3,47.12,25,24,96.12,19.224,5.36992,24,47.12,23.12,1.8848,1.96333,1.04167,10.4,52,261,323.4,64.68,7.88153,10.4,261,250.6,0.2,0.0398467,0.199234,112.237,54.938,47.9982,215.173,43.0347,11.1589,47.9982,112.237,64.2388,2.04297,2.33836,1.14459,1118.64,1519,164.4,2802.04,560.408,50.5039,164.4,1519,1354.6,0.736432,6.80438,9.23966,2.48,7,48,57.48,11.496,1.64316,2.48,48,45.52,0.354286,0.0516667,0.145833,5.48,4,6,15.48,3.096,1.07241,4,6,2,1.37,0.913333,0.666667,200.76,139,198,537.76,107.552,36.5941,139,200.76,61.76,1.44432,1.01394,0.70202,1.022,1.55,10.32,12.892,2.5784,0.522375,1.022,10.32,9.298,0.659355,0.099031,0.150194,2,2,6,10,2,0.666667,2,6,4,1,0.333333,0.333333,0,0,12,12,2.4,INF,0,12,12,INF,0,0,0.48,5,0,5.48,1.096,INF,0,5,5,0.096,INF,INF,0,0,0,0,0,INF,0,0,0,INF,INF,INF,2.48,7,18,27.48,5.496,1.40302,2.48,18,15.52,0.354286,0.137778,0.388889,0,0,0,0,0,INF,0,0,0,INF,INF,INF,0,0,6,6,1.2,INF,0,6,6,INF,0,0,4.32,5,0,9.32,1.864,INF,0,5,5,0.864,INF,INF,0,0,0,0,0,INF,0,0,0,INF,INF,INF,4.32,5,6,15.32,3.064,1.07356,4.32,6,1.68,0.864,0.72,0.833333,45.9104,10.4876,27.315,83.713,16.7426,4.40602,10.4876,45.9104,35.4228,4.37759,1.68078,0.38395,0,0,0,0,0,INF,0,0,0,INF,INF,INF,0,0.000310121,0,0.000310121,6.20E-05,INF,0,0.000310121,0.000310121,0,INF,INF,210.12,217,36,463.12,92.624,10.7874,36,217,181,0.968295,5.83667,6.02778
La0.45Sr0.55Mn1O3,46.55,25,24,95.55,19.11,5.36244,24,46.55,22.55,1.862,1.93958,1.04167,10.25,52,261,323.25,64.65,7.79508,10.25,261,250.75,0.197115,0.039272,0.199234,110.698,54.938,47.9982,213.635,42.7269,11.1435,47.9982,110.698,62.7003,2.01497,2.3063,1.14459,1114.35,1519,164.4,2797.75,559.55,50.4951,164.4,1519,1354.6,0.733608,6.77828,9.23966,2.45,7,48,57.45,11.49,1.62994,2.45,48,45.55,0.35,0.0510417,0.145833,5.45,4,6,15.45,3.09,1.07125,4,6,2,1.3625,0.908333,0.666667,200.4,139,198,537.4,107.48,36.5821,139,200.4,61.4,1.44173,1.01212,0.70202,1.0175,1.55,10.32,12.8875,2.5775,0.521197,1.0175,10.32,9.3025,0.656452,0.098595,0.150194,2,2,6,10,2,0.666667,2,6,4,1,0.333333,0.333333,0,0,12,12,2.4,INF,0,12,12,INF,0,0,0.45,5,0,5.45,1.09,INF,0,5,5,0.09,INF,INF,0,0,0,0,0,INF,0,0,0,INF,INF,INF,2.45,7,18,27.45,5.49,1.39336,2.45,18,15.55,0.35,0.136111,0.388889,0,0,0,0,0,INF,0,0,0,INF,INF,INF,0,0,6,6,1.2,INF,0,6,6,INF,0,0,4.05,5,0,9.05,1.81,INF,0,5,5,0.81,INF,INF,0,0,0,0,0,INF,0,0,0,INF,INF,INF,4.05,5,6,15.05,3.01,1.05606,4.05,6,1.95,0.81,0.675,0.833333,46.4304,10.4876,27.315,84.233,16.8466,4.41076,10.4876,46.4304,35.9428,4.42717,1.69981,0.38395,0,0,0,0,0,INF,0,0,0,INF,INF,INF,0,0.000310121,0,0.000310121,6.20E-05,INF,0,0.000310121,0.000310121,0,INF,INF,211.05,217,36,464.05,92.81,10.7898,36,217,181,0.972581,5.8625,6.02778
La0.4Sm0.3Sr0.3Mn1O3,52.8,25,24,101.8,20.36,5.43657,24,52.8,28.8,2.112,2.2,1.04167,14.5,52,261,327.5,65.5,10.031,14.5,261,246.5,0.278846,0.0555556,0.199234,126.956,54.938,47.9982,229.892,45.9785,11.2891,47.9982,126.956,78.958,2.3109,2.64502,1.14459,1195.7,1519,164.4,2879.1,575.82,50.6513,164.4,1519,1354.6,0.787163,7.27311,9.23966,2.7,7,48,57.7,11.54,1.73693,2.7,48,45.3,0.385714,0.05625,0.145833,5.7,4,6,15.7,3.14,1.08057,4,6,2,1.425,0.95,0.666667,200.7,139,198,537.7,107.54,36.5921,139,200.7,61.7,1.44388,1.01364,0.70202,1.076,1.55,10.32,12.946,2.5892,0.536128,1.076,10.32,9.244,0.694194,0.104264,0.150194,2,2,6,10,2,0.666667,2,6,4,1,0.333333,0.333333,0,0,12,12,2.4,INF,0,12,12,INF,0,0,0.4,5,0,5.4,1.08,INF,0,5,5,0.08,INF,INF,1.8,0,0,1.8,0.36,INF,0,1.8,1.8,INF,INF,INF,4.2,7,18,29.2,5.84,1.82609,4.2,18,13.8,0.6,0.233333,0.388889,0,0,0,0,0,INF,0,0,0,INF,INF,INF,0,0,6,6,1.2,INF,0,6,6,INF,0,0,3.6,5,0,8.6,1.72,INF,0,5,5,0.72,INF,INF,2.4,0,0,2.4,0.48,INF,0,2.4,2.4,INF,INF,INF,6,5,6,17,3.4,1.15385,5,6,1,1.2,1,0.833333,40.997,10.4876,27.315,78.7996,15.7599,4.35592,10.4876,40.997,30.5094,3.9091,1.5009,0.38395,0,0,0,0,0,INF,0,0,0,INF,INF,INF,0,0.000310121,0,0.000310121,6.20E-05,INF,0,0.000310121,0.000310121,0,INF,INF,194.9,217,36,447.9,89.58,10.7443,36,217,181,0.898157,5.41389,6.02778
La0.7Sr0.3Mn0.93Fe0.07O3,51.3,25.07,24,100.37,20.074,5.42354,24,51.3,27.3,2.04627,2.1375,1.04458,11.5,52.21,261,324.71,64.942,8.5031,11.5,261,249.5,0.220264,0.0440613,0.200038,123.52,55.0015,47.9982,226.52,45.3039,11.2639,47.9982,123.52,75.5216,2.24575,2.57343,1.14591,1150.1,1539.44,164.4,2853.94,570.788,50.5887,164.4,1539.44,1375.04,0.74709,6.99574,9.36399,2.7,7.07,48,57.77,11.554,1.74121,2.7,48,45.3,0.381895,0.05625,0.147292,5.7,4,6,15.7,3.14,1.08057,4,6,2,1.425,0.95,0.666667,203.4,138.51,198,539.91,107.982,36.6466,138.51,203.4,64.89,1.46849,1.02727,0.699545,1.055,1.5696,10.32,12.9446,2.58892,0.533143,1.055,10.32,9.265,0.672146,0.102229,0.152093,2,2,6,10,2,0.666667,2,6,4,1,0.333333,0.333333,0,0,12,12,2.4,INF,0,12,12,INF,0,0,0.7,5.07,0,5.77,1.154,INF,0,5.07,5.07,0.138067,INF,INF,0,0,0,0,0,INF,0,0,0,INF,INF,INF,2.7,7.07,18,27.77,5.554,1.47388,2.7,18,15.3,0.381895,0.15,0.392778,0,0,0,0,0,INF,0,0,0,INF,INF,INF,0,0,6,6,1.2,INF,0,6,6,INF,0,0,6.3,4.93,0,11.23,2.246,INF,0,6.3,6.3,1.27789,INF,INF,0,0,0,0,0,INF,0,0,0,INF,INF,INF,6.3,4.93,6,17.23,3.446,1.16067,4.93,6.3,1.37,1.27789,1.05,0.821667,42.0973,10.5046,27.315,79.9168,15.9834,4.37099,10.5046,42.0973,31.5927,4.00752,1.54118,0.384571,0,0,0,0,0,INF,0,0,0,INF,INF,INF,0,0.148035,0,0.148035,0.029607,INF,0,0.148035,0.148035,0,INF,INF,203.3,217.84,36,457.14,91.428,10.7709,36,217.84,181.84,0.933254,5.64722,6.05111
La0.7Sr0.3Mn0.9Al0.1O3,51.3,23.8,24,99.1,19.82,5.36164,23.8,51.3,27.5,2.15546,2.1375,0.991667,11.5,54.1,261,326.6,65.32,8.55175,11.5,261,249.5,0.212569,0.0440613,0.20728,123.52,52.1424,47.9982,223.66,44.7321,11.1388,47.9982,123.52,75.5216,2.36889,2.57343,1.08634,1150.1,1460.45,164.4,2774.95,554.989,50.499,164.4,1460.45,1296.05,0.787499,6.99574,8.8835,2.7,7.6,48,58.3,11.66,1.77164,2.7,48,45.3,0.355263,0.05625,0.158333,5.7,3.9,6,15.6,3.12,1.07314,3.9,6,2.1,1.46154,0.95,0.65,203.4,137.2,198,538.6,107.72,36.5543,137.2,203.4,66.2,1.48251,1.02727,0.692929,1.055,1.556,10.32,12.931,2.5862,0.531565,1.055,10.32,9.265,0.678021,0.102229,0.150775,2,2,6,10,2,0.666667,2,6,4,1,0.333333,0.333333,0,0.1,12,12.1,2.42,0,0,12,12,0,0,0.00833333,0.7,4.5,0,5.2,1.04,INF,0,4.5,4.5,0.155556,INF,INF,0,0,0,0,0,INF,0,0,0,INF,INF,INF,2.7,6.6,18,27.3,5.46,1.45232,2.7,18,15.3,0.409091,0.15,0.366667,0,0,0,0,0,INF,0,0,0,INF,INF,INF,0,0.5,6,6.5,1.3,0,0,6,6,0,0,0.0833333,6.3,4.5,0,10.8,2.16,INF,0,6.3,6.3,1.4,INF,INF,0,0,0,0,0,INF,0,0,0,INF,INF,INF,6.3,5,6,17.3,3.46,1.16451,5,6.3,1.3,1.26,1.05,0.833333,42.0973,11.0868,27.315,80.4991,16.0998,4.46865,11.0868,42.0973,31.0104,3.79705,1.54118,0.405888,0,0,0,0,0,INF,0,0,0,INF,INF,INF,0,0.000279109,0,0.000279109,5.58E-05,INF,0,0.000279109,0.000279109,0,INF,INF,203.3,217.8,36,457.1,91.42,10.7708,36,217.8,181.8,0.933425,5.64722,6.05
La0.67Ca0.33Mn0.85V0.15O3,44.79,24.7,24,93.49,18.698,5.32447,24,44.79,20.79,1.81336,1.86625,1.02917,11.02,51.1,261,323.12,64.624,8.20965,11.02,261,249.98,0.215656,0.0422222,0.195785,106.292,54.3386,47.9982,208.629,41.7258,11.0725,47.9982,106.292,58.2942,1.95611,2.21451,1.1321,1167.26,1618.6,164.4,2950.26,590.052,50.703,164.4,1618.6,1454.2,0.721154,7.10012,9.8455,2.67,6.7,48,57.37,11.474,1.70565,2.67,48,45.33,0.398507,0.055625,0.139583,5.34,4,6,15.34,3.068,1.06693,4,6,2,1.335,0.89,0.666667,196.77,141.1,198,535.87,107.174,36.6022,141.1,198,56.9,1.39454,0.993788,0.712626,1.067,1.562,10.32,12.949,2.5898,0.5353,1.067,10.32,9.253,0.683099,0.103391,0.151357,2,2,6,10,2,0.666667,2,6,4,1,0.333333,0.333333,0,0,12,12,2.4,INF,0,12,12,INF,0,0,0.67,4.7,0,5.37,1.074,INF,0,4.7,4.7,0.142553,INF,INF,0,0,0,0,0,INF,0,0,0,INF,INF,INF,2.67,6.7,18,27.37,5.474,1.44833,2.67,18,15.33,0.398507,0.148333,0.372222,0,0,0,0,0,INF,0,0,0,INF,INF,INF,0,0,6,6,1.2,INF,0,6,6,INF,0,0,6.03,5.3,0,11.33,2.266,INF,0,6.03,6.03,1.13774,INF,INF,0,0,0,0,0,INF,0,0,0,INF,INF,INF,6.03,5.3,6,17.33,3.466,1.17025,5.3,6.03,0.73,1.13774,1.005,0.883333,37.1854,10.8659,27.315,75.3664,15.0733,4.37153,10.8659,37.1854,26.3195,3.4222,1.36136,0.397802,0,0,0,0,0,INF,0,0,0,INF,INF,INF,0,0.000263603,0,0.000263603,5.27E-05,INF,0,0.000263603,0.000263603,0,INF,INF,204.23,218.8,36,459.03,91.806,10.7758,36,218.8,182.8,0.93341,5.67306,6.07778
La0.6Nd0.1Ca0.15Sr0.15Mn0.9Fe0.1O3,48.9,25.1,24,98,19.6,5.39693,24,48.9,24.9,1.94821,2.0375,1.04583,11.95,52.3,261,325.25,65.05,8.74916,11.95,261,249.05,0.228489,0.0457854,0.200383,116.922,55.0287,47.9982,219.949,43.9898,11.2073,47.9982,116.922,68.924,2.12475,2.43597,1.14648,1169.95,1548.2,164.4,2882.55,576.51,50.6359,164.4,1548.2,1383.8,0.755684,7.11648,9.41727,2.7,7.1,48,57.8,11.56,1.74302,2.7,48,45.3,0.380282,0.05625,0.147917,5.55,4,6,15.55,3.11,1.07506,4,6,2,1.3875,0.925,0.666667,199.95,138.3,198,536.25,107.25,36.5184,138.3,199.95,61.65,1.44577,1.00985,0.698485,1.0665,1.578,10.32,12.9645,2.5929,0.53704,1.0665,10.32,9.2535,0.675856,0.103343,0.152907,2,2,6,10,2,0.666667,2,6,4,1,0.333333,0.333333,0,0,12,12,2.4,INF,0,12,12,INF,0,0,0.6,5.1,0,5.7,1.14,INF,0,5.1,5.1,0.117647,INF,INF,0.4,0,0,0.4,0.08,INF,0,0.4,0.4,INF,INF,INF,3,7.1,18,28.1,5.62,1.56044,3,18,15,0.422535,0.166667,0.394444,0,0,0,0,0,INF,0,0,0,INF,INF,INF,0,0,6,6,1.2,INF,0,6,6,INF,0,0,5.4,4.9,0,10.3,2.06,INF,0,5.4,5.4,1.10204,INF,INF,1,0,0,1,0.2,INF,0,1,1,INF,INF,INF,6.4,4.9,6,17.3,3.46,1.16234,4.9,6.4,1.5,1.30612,1.06667,0.816667,39.4195,10.5118,27.315,77.2463,15.4493,4.34162,10.5118,39.4195,28.9077,3.75001,1.44314,0.384837,0,0,0,0,0,INF,0,0,0,INF,INF,INF,0,0.211345,0,0.211345,0.0422691,INF,0,0.211345,0.211345,0,INF,INF,203.3,218.2,36,457.5,91.5,10.7718,36,218.2,182.2,0.931714,5.64722,6.06111
La0.6Nd0.1Ca0.15Sr0.15Mn1O3,48.9,25,24,97.9,19.58,5.39229,24,48.9,24.9,1.956,2.0375,1.04167,11.95,52,261,324.95,64.99,8.74072,11.95,261,249.05,0.229808,0.0457854,0.199234,116.922,54.938,47.9982,219.858,43.9717,11.2036,47.9982,116.922,68.924,2.12826,2.43597,1.14459,1169.95,1519,164.4,2853.35,570.67,50.6041,164.4,1519,1354.6,0.770211,7.11648,9.23966,2.7,7,48,57.7,11.54,1.73693,2.7,48,45.3,0.385714,0.05625,0.145833,5.55,4,6,15.55,3.11,1.07506,4,6,2,1.3875,0.925,0.666667,199.95,139,198,536.95,107.39,36.5671,139,199.95,60.95,1.43849,1.00985,0.70202,1.0665,1.55,10.32,12.9365,2.5873,0.533759,1.0665,10.32,9.2535,0.688065,0.103343,0.150194,2,2,6,10,2,0.666667,2,6,4,1,0.333333,0.333333,0,0,12,12,2.4,INF,0,12,12,INF,0,0,0.6,5,0,5.6,1.12,INF,0,5,5,0.12,INF,INF,0.4,0,0,0.4,0.08,INF,0,0.4,0.4,INF,INF,INF,3,7,18,28,5.6,1.55556,3,18,15,0.428571,0.166667,0.388889,0,0,0,0,0,INF,0,0,0,INF,INF,INF,0,0,6,6,1.2,INF,0,6,6,INF,0,0,5.4,5,0,10.4,2.08,INF,0,5.4,5.4,1.08,INF,INF,1,0,0,1,0.2,INF,0,1,1,INF,INF,INF,6.4,5,6,17.4,3.48,1.16788,5,6.4,1.4,1.28,1.06667,0.833333,39.4195,10.4876,27.315,77.2221,15.4444,4.33748,10.4876,39.4195,28.9319,3.75868,1.44314,0.38395,0,0,0,0,0,INF,0,0,0,INF,INF,INF,0,0.000310121,0,0.000310121,6.20E-05,INF,0,0.000310121,0.000310121,0,INF,INF,203.3,217,36,456.3,91.26,10.7688,36,217,181,0.936866,5.64722,6.02778
La0.6Nd0.1Ca0.15Sr0.15Mn0.95Fe0.05O3,48.9,25.05,24,97.95,19.59,5.39461,24,48.9,24.9,1.9521,2.0375,1.04375,11.95,52.15,261,325.1,65.02,8.74495,11.95,261,249.05,0.229147,0.0457854,0.199808,116.922,54.9834,47.9982,219.904,43.9808,11.2054,47.9982,116.922,68.924,2.1265,2.43597,1.14553,1169.95,1533.6,164.4,2867.95,573.59,50.6202,164.4,1533.6,1369.2,0.762878,7.11648,9.32847,2.7,7.05,48,57.75,11.55,1.73999,2.7,48,45.3,0.382979,0.05625,0.146875,5.55,4,6,15.55,3.11,1.07506,4,6,2,1.3875,0.925,0.666667,199.95,138.65,198,536.6,107.32,36.5428,138.65,199.95,61.3,1.44212,1.00985,0.700253,1.0665,1.564,10.32,12.9505,2.5901,0.535409,1.0665,10.32,9.2535,0.681905,0.103343,0.15155,2,2,6,10,2,0.666667,2,6,4,1,0.333333,0.333333,0,0,12,12,2.4,INF,0,12,12,INF,0,0,0.6,5.05,0,5.65,1.13,INF,0,5.05,5.05,0.118812,INF,INF,0.4,0,0,0.4,0.08,INF,0,0.4,0.4,INF,INF,INF,3,7.05,18,28.05,5.61,1.55801,3,18,15,0.425532,0.166667,0.391667,0,0,0,0,0,INF,0,0,0,INF,INF,INF,0,0,6,6,1.2,INF,0,6,6,INF,0,0,5.4,4.95,0,10.35,2.07,INF,0,5.4,5.4,1.09091,INF,INF,1,0,0,1,0.2,INF,0,1,1,INF,INF,INF,6.4,4.95,6,17.35,3.47,1.16513,4.95,6.4,1.45,1.29293,1.06667,0.825,39.4195,10.4997,27.315,77.2342,15.4468,4.33955,10.4997,39.4195,28.9198,3.75434,1.44314,0.384393,0,0,0,0,0,INF,0,0,0,INF,INF,INF,0,0.105828,0,0.105828,0.0211656,INF,0,0.105828,0.105828,0,INF,INF,203.3,217.6,36,456.9,91.38,10.7703,36,217.6,181.6,0.934283,5.64722,6.04444
La0.9Pb0.1Mn1O3,59.5,25,24,108.5,21.7,5.50035,24,59.5,35.5,2.38,2.47917,1.04167,19.8,52,261,332.8,66.56,12.3107,19.8,261,241.2,0.380769,0.0758621,0.199234,145.735,54.938,47.9982,248.671,49.7342,11.4199,47.9982,145.735,97.7367,2.65271,3.03626,1.14459,1133.76,1519,164.4,2817.16,563.432,50.5343,164.4,1519,1354.6,0.746386,6.89636,9.23966,4.1,7,48,59.1,11.82,2.22588,4.1,48,43.9,0.585714,0.0854167,0.145833,6,4,6,16,3.2,1.09091,4,6,2,1.5,1,0.666667,200.9,139,198,537.9,107.58,36.5987,139,200.9,61.9,1.44532,1.01465,0.70202,1.223,1.55,10.32,13.093,2.6186,0.570281,1.223,10.32,9.097,0.789032,0.118508,0.150194,2,2,6,10,2,0.666667,2,6,4,1,0.333333,0.333333,0.2,0,12,12.2,2.44,0,0,12,12,INF,0.0166667,0,1.9,5,0,6.9,1.38,INF,0,5,5,0.38,INF,INF,1.4,0,0,1.4,0.28,INF,0,1.4,1.4,INF,INF,INF,5.5,7,18,30.5,6.1,2.03524,5.5,18,12.5,0.785714,0.305556,0.388889,0,0,0,0,0,INF,0,0,0,INF,INF,INF,0.4,0,6,6.4,1.28,0,0,6,6,INF,0.0666667,0,8.1,5,0,13.1,2.62,INF,0,8.1,8.1,1.62,INF,INF,0,0,0,0,0,INF,0,0,0,INF,INF,INF,8.5,5,6,19.5,3.9,1.22302,5,8.5,3.5,1.7,1.41667,0.833333,36.0188,10.4876,27.315,73.8213,14.7643,4.29288,10.4876,36.0188,25.5312,3.43442,1.31864,0.38395,0,0,0,0,0,INF,0,0,0,INF,INF,INF,0,0.000310121,0,0.000310121,6.20E-05,INF,0,0.000310121,0.000310121,0,INF,INF,197.1,217,36,450.1,90.02,10.7509,36,217,181,0.908295,5.475,6.02778
La0.8Pb0.2Mn1O3,62,25,24,111,22.2,5.52093,24,62,38,2.48,2.58333,1.04167,26.6,52,261,339.6,67.92,14.6372,26.6,261,234.4,0.511538,0.101916,0.199234,152.564,54.938,47.9982,255.501,51.1001,11.4601,47.9982,152.564,104.566,2.77703,3.17854,1.14459,1074.52,1519,164.4,2757.92,551.584,50.4105,164.4,1519,1354.6,0.707388,6.53602,9.23966,5.2,7,48,60.2,12.04,2.51468,5.2,48,42.8,0.742857,0.108333,0.145833,6,4,6,16,3.2,1.09091,4,6,2,1.5,1,0.666667,194.8,139,198,531.8,106.36,36.3911,139,198,59,1.40144,0.983838,0.70202,1.346,1.55,10.32,13.216,2.6432,0.595663,1.346,10.32,8.974,0.868387,0.130426,0.150194,2,2,6,10,2,0.666667,2,6,4,1,0.333333,0.333333,0.4,0,12,12.4,2.48,0,0,12,12,INF,0.0333333,0,2.8,5,0,7.8,1.56,INF,0,5,5,0.56,INF,INF,2.8,0,0,2.8,0.56,INF,0,2.8,2.8,INF,INF,INF,8,7,18,33,6.6,2.30137,7,18,11,1.14286,0.444444,0.388889,0,0,0,0,0,INF,0,0,0,INF,INF,INF,0.8,0,6,6.8,1.36,0,0,6,6,INF,0.133333,0,7.2,5,0,12.2,2.44,INF,0,7.2,7.2,1.44,INF,INF,0,0,0,0,0,INF,0,0,0,INF,INF,INF,8,5,6,19,3.8,1.21212,5,8,3,1.6,1.33333,0.833333,35.14,10.4876,27.315,72.9426,14.5885,4.28012,10.4876,35.14,24.6524,3.35063,1.28647,0.38395,0,0,0,0,0,INF,0,0,0,INF,INF,INF,0,0.000310121,0,0.000310121,6.20E-05,INF,0,0.000310121,0.000310121,0,INF,INF,200.2,217,36,453.2,90.64,10.76,36,217,181,0.922581,5.56111,6.02778
La0.7Pb0.3Mn1O3,64.5,25,24,113.5,22.7,5.54005,24,64.5,40.5,2.58,2.6875,1.04167,33.4,52,261,346.4,69.28,16.4839,33.4,261,227.6,0.642308,0.127969,0.199234,159.394,54.938,47.9982,262.33,52.466,11.4971,47.9982,159.394,111.396,2.90134,3.32083,1.14459,1015.28,1519,164.4,2698.68,539.737,50.2729,164.4,1519,1354.6,0.668389,6.17569,9.23966,6.3,7,48,61.3,12.26,2.74659,6.3,48,41.7,0.9,0.13125,0.145833,6,4,6,16,3.2,1.09091,4,6,2,1.5,1,0.666667,188.7,139,198,525.7,105.14,36.1727,139,198,59,1.35755,0.95303,0.70202,1.469,1.55,10.32,13.339,2.6678,0.618584,1.469,10.32,8.851,0.947742,0.142345,0.150194,2,2,6,10,2,0.666667,2,6,4,1,0.333333,0.333333,0.6,0,12,12.6,2.52,0,0,12,12,INF,0.05,0,3.7,5,0,8.7,1.74,INF,0,5,5,0.74,INF,INF,4.2,0,0,4.2,0.84,INF,0,4.2,4.2,INF,INF,INF,10.5,7,18,35.5,7.1,2.47059,7,18,11,1.5,0.583333,0.388889,0,0,0,0,0,INF,0,0,0,INF,INF,INF,1.2,0,6,7.2,1.44,0,0,6,6,INF,0.2,0,6.3,5,0,11.3,2.26,INF,0,6.3,6.3,1.26,INF,INF,0,0,0,0,0,INF,0,0,0,INF,INF,INF,7.5,5,6,18.5,3.7,1.2,5,7.5,2.5,1.5,1.25,0.833333,34.2612,10.4876,27.315,72.0638,14.4128,4.26679,10.4876,34.2612,23.7737,3.26684,1.2543,0.38395,0,0,0,0,0,INF,0,0,0,INF,INF,INF,0,0.000310121,0,0.000310121,6.20E-05,INF,0,0.000310121,0.000310121,0,INF,INF,203.3,217,36,456.3,91.26,10.7688,36,217,181,0.936866,5.64722,6.02778
La0.6Pb0.4Mn1O3,67,25,24,116,23.2,5.55786,24,67,43,2.68,2.79167,1.04167,40.2,52,261,353.2,70.64,17.9854,40.2,261,220.8,0.773077,0.154023,0.199234,166.223,54.938,47.9982,269.16,53.8319,11.5313,47.9982,166.223,118.225,3.02565,3.46311,1.14459,956.044,1519,164.4,2639.44,527.889,50.1191,164.4,1519,1354.6,0.62939,5.81535,9.23966,7.4,7,48,62.4,12.48,2.93692,7,48,41,1.05714,0.154167,0.145833,6,4,6,16,3.2,1.09091,4,6,2,1.5,1,0.666667,182.6,139,198,519.6,103.92,35.9425,139,198,59,1.31367,0.922222,0.70202,1.592,1.55,10.32,13.462,2.6924,0.639386,1.55,10.32,8.77,1.0271,0.154264,0.150194,2,2,6,10,2,0.666667,2,6,4,1,0.333333,0.333333,0.8,0,12,12.8,2.56,0,0,12,12,INF,0.0666667,0,4.6,5,0,9.6,1.92,INF,0,5,5,0.92,INF,INF,5.6,0,0,5.6,1.12,INF,0,5.6,5.6,INF,INF,INF,13,7,18,38,7.6,2.58768,7,18,11,1.85714,0.722222,0.388889,0,0,0,0,0,INF,0,0,0,INF,INF,INF,1.6,0,6,7.6,1.52,0,0,6,6,INF,0.266667,0,5.4,5,0,10.4,2.08,INF,0,5.4,5.4,1.08,INF,INF,0,0,0,0,0,INF,0,0,0,INF,INF,INF,7,5,6,18,3.6,1.18644,5,7,2,1.4,1.16667,0.833333,33.3825,10.4876,27.315,71.1851,14.237,4.25285,10.4876,33.3825,22.8949,3.18305,1.22213,0.38395,0,0,0,0,0,INF,0,0,0,INF,INF,INF,0,0.000310121,0,0.000310121,6.20E-05,INF,0,0.000310121,0.000310121,0,INF,INF,206.4,217,36,459.4,91.88,10.7774,36,217,181,0.951152,5.73333,6.02778
La0.5Pb0.5Mn1O3,69.5,25,24,118.5,23.7,5.57449,24,69.5,45.5,2.78,2.89583,1.04167,47,52,261,360,72,19.2302,47,261,214,0.903846,0.180077,0.199234,173.053,54.938,47.9982,275.989,55.1978,11.5629,47.9982,173.053,125.055,3.14996,3.6054,1.14459,896.805,1519,164.4,2580.21,516.041,49.9461,164.4,1519,1354.6,0.590392,5.45502,9.23966,8.5,7,48,63.5,12.7,3.09593,7,48,41,1.21429,0.177083,0.145833,6,4,6,16,3.2,1.09091,4,6,2,1.5,1,0.666667,176.5,139,198,513.5,102.7,35.6996,139,198,59,1.26978,0.891414,0.70202,1.715,1.55,10.32,13.585,2.717,0.65835,1.55,10.32,8.77,1.10645,0.166182,0.150194,2,2,6,10,2,0.666667,2,6,4,1,0.333333,0.333333,1,0,12,13,2.6,0,0,12,12,INF,0.0833333,0,5.5,5,0,10.5,2.1,INF,0,5.5,5.5,1.1,INF,INF,7,0,0,7,1.4,INF,0,7,7,INF,INF,INF,15.5,7,18,40.5,8.1,2.67351,7,18,11,2.21429,0.861111,0.388889,0,0,0,0,0,INF,0,0,0,INF,INF,INF,2,0,6,8,1.6,0,0,6,6,INF,0.333333,0,4.5,5,0,9.5,1.9,INF,0,5,5,0.9,INF,INF,0,0,0,0,0,INF,0,0,0,INF,INF,INF,6.5,5,6,17.5,3.5,1.17117,5,6.5,1.5,1.3,1.08333,0.833333,32.5037,10.4876,27.315,70.3063,14.0613,4.23825,10.4876,32.5037,22.0162,3.09926,1.18996,0.38395,0,0,0,0,0,INF,0,0,0,INF,INF,INF,0,0.000310121,0,0.000310121,6.20E-05,INF,0,0.000310121,0.000310121,0,INF,INF,209.5,217,36,462.5,92.5,10.7858,36,217,181,0.965438,5.81944,6.02778
La0.65Sr0.35Mn1O3,50.35,25,24,99.35,19.87,5.40947,24,50.35,26.35,2.014,2.09792,1.04167,11.25,52,261,324.25,64.85,8.36023,11.25,261,249.75,0.216346,0.0431034,0.199234,120.956,54.938,47.9982,223.892,44.7784,11.2395,47.9982,120.956,72.9574,2.20167,2.52,1.14459,1142.95,1519,164.4,2826.35,565.27,50.5525,164.4,1519,1354.6,0.752436,6.95225,9.23966,2.65,7,48,57.65,11.53,1.7161,2.65,48,45.35,0.378571,0.0552083,0.145833,5.65,4,6,15.65,3.13,1.07876,4,6,2,1.4125,0.941667,0.666667,202.8,139,198,539.8,107.96,36.6613,139,202.8,63.8,1.45899,1.02424,0.70202,1.0475,1.55,10.32,12.9175,2.5835,0.528957,1.0475,10.32,9.2725,0.675806,0.101502,0.150194,2,2,6,10,2,0.666667,2,6,4,1,0.333333,0.333333,0,0,12,12,2.4,INF,0,12,12,INF,0,0,0.65,5,0,5.65,1.13,INF,0,5,5,0.13,INF,INF,0,0,0,0,0,INF,0,0,0,INF,INF,INF,2.65,7,18,27.65,5.53,1.45585,2.65,18,15.35,0.378571,0.147222,0.388889,0,0,0,0,0,INF,0,0,0,INF,INF,INF,0,0,6,6,1.2,INF,0,6,6,INF,0,0,5.85,5,0,10.85,2.17,INF,0,5.85,5.85,1.17,INF,INF,0,0,0,0,0,INF,0,0,0,INF,INF,INF,5.85,5,6,16.85,3.37,1.14818,5,6,1,1.17,0.975,0.833333,42.9639,10.4876,27.315,80.7665,16.1533,4.37721,10.4876,42.9639,32.4763,4.09664,1.5729,0.38395,0,0,0,0,0,INF,0,0,0,INF,INF,INF,0,0.000310121,0,0.000310121,6.20E-05,INF,0,0.000310121,0.000310121,0,INF,INF,204.85,217,36,457.85,91.57,10.7732,36,217,181,0.944009,5.69028,6.02778
La0.55Pr0.1Sr0.35Mn1O3,50.55,25,24,99.55,19.91,5.41177,24,50.55,26.55,2.022,2.10625,1.04167,11.65,52,261,324.65,64.93,8.57913,11.65,261,249.35,0.224038,0.044636,0.199234,121.156,54.938,47.9982,224.092,44.8184,11.2412,47.9982,121.156,73.1576,2.20532,2.52417,1.14459,1144.05,1519,164.4,2827.45,565.49,50.5546,164.4,1519,1354.6,0.75316,6.95894,9.23966,2.65,7,48,57.65,11.53,1.7161,2.65,48,45.35,0.378571,0.0552083,0.145833,5.65,4,6,15.65,3.13,1.07876,4,6,2,1.4125,0.941667,0.666667,202.4,139,198,539.4,107.88,36.6482,139,202.4,63.4,1.45612,1.02222,0.70202,1.0505,1.55,10.32,12.9205,2.5841,0.529721,1.0505,10.32,9.2695,0.677742,0.101793,0.150194,2,2,6,10,2,0.666667,2,6,4,1,0.333333,0.333333,0,0,12,12,2.4,INF,0,12,12,INF,0,0,0.55,5,0,5.55,1.11,INF,0,5,5,0.11,INF,INF,0.3,0,0,0.3,0.06,INF,0,0.3,0.3,INF,INF,INF,2.85,7,18,27.85,5.57,1.51423,2.85,18,15.15,0.407143,0.158333,0.388889,0,0,0,0,0,INF,0,0,0,INF,INF,INF,0,0,6,6,1.2,INF,0,6,6,INF,0,0,4.95,5,0,9.95,1.99,INF,0,5,5,0.99,INF,INF,1.1,0,0,1.1,0.22,INF,0,1.1,1.1,INF,INF,INF,6.05,5,6,17.05,3.41,1.15568,5,6.05,1.05,1.21,1.00833,0.833333,42.8416,10.4876,27.315,80.6442,16.1288,4.37594,10.4876,42.8416,32.354,4.08498,1.56843,0.38395,0,0,0,0,0,INF,0,0,0,INF,INF,INF,0,0.000310121,0,0.000310121,6.20E-05,INF,0,0.000310121,0.000310121,0,INF,INF,204.85,217,36,457.85,91.57,10.7732,36,217,181,0.944009,5.69028,6.02778
La0.45Pr0.2Sr0.35Mn1O3,50.75,25,24,99.75,19.95,5.41406,24,50.75,26.75,2.03,2.11458,1.04167,12.05,52,261,325.05,65.01,8.7941,12.05,261,248.95,0.231731,0.0461686,0.199234,121.356,54.938,47.9982,224.292,44.8584,11.2429,47.9982,121.356,73.3578,2.20896,2.52834,1.14459,1145.15,1519,164.4,2828.55,565.71,50.5568,164.4,1519,1354.6,0.753884,6.96563,9.23966,2.65,7,48,57.65,11.53,1.7161,2.65,48,45.35,0.378571,0.0552083,0.145833,5.65,4,6,15.65,3.13,1.07876,4,6,2,1.4125,0.941667,0.666667,202,139,198,539,107.8,36.6351,139,202,63,1.45324,1.0202,0.70202,1.0535,1.55,10.32,12.9235,2.5847,0.530483,1.0535,10.32,9.2665,0.679677,0.102083,0.150194,2,2,6,10,2,0.666667,2,6,4,1,0.333333,0.333333,0,0,12,12,2.4,INF,0,12,12,INF,0,0,0.45,5,0,5.45,1.09,INF,0,5,5,0.09,INF,INF,0.6,0,0,0.6,0.12,INF,0,0.6,0.6,INF,INF,INF,3.05,7,18,28.05,5.61,1.56889,3.05,18,14.95,0.435714,0.169444,0.388889,0,0,0,0,0,INF,0,0,0,INF,INF,INF,0,0,6,6,1.2,INF,0,6,6,INF,0,0,4.05,5,0,9.05,1.81,INF,0,5,5,0.81,INF,INF,2.2,0,0,2.2,0.44,INF,0,2.2,2.2,INF,INF,INF,6.25,5,6,17.25,3.45,1.16279,5,6.25,1.25,1.25,1.04167,0.833333,42.7194,10.4876,27.315,80.522,16.1044,4.37466,10.4876,42.7194,32.2318,4.07333,1.56395,0.38395,0,0,0,0,0,INF,0,0,0,INF,INF,INF,0,0.000310121,0,0.000310121,6.20E-05,INF,0,0.000310121,0.000310121,0,INF,INF,204.85,217,36,457.85,91.57,10.7732,36,217,181,0.944009,5.69028,6.02778
La0.35Pr0.3Sr0.35Mn1O3,50.95,25,24,99.95,19.99,5.41632,24,50.95,26.95,2.038,2.12292,1.04167,12.45,52,261,325.45,65.09,9.00525,12.45,261,248.55,0.239423,0.0477011,0.199234,121.556,54.938,47.9982,224.492,44.8985,11.2446,47.9982,121.556,73.558,2.21261,2.53252,1.14459,1146.25,1519,164.4,2829.65,565.93,50.5589,164.4,1519,1354.6,0.754608,6.97232,9.23966,2.65,7,48,57.65,11.53,1.7161,2.65,48,45.35,0.378571,0.0552083,0.145833,5.65,4,6,15.65,3.13,1.07876,4,6,2,1.4125,0.941667,0.666667,201.6,139,198,538.6,107.72,36.6219,139,201.6,62.6,1.45036,1.01818,0.70202,1.0565,1.55,10.32,12.9265,2.5853,0.531242,1.0565,10.32,9.2635,0.681613,0.102374,0.150194,2,2,6,10,2,0.666667,2,6,4,1,0.333333,0.333333,0,0,12,12,2.4,INF,0,12,12,INF,0,0,0.35,5,0,5.35,1.07,INF,0,5,5,0.07,INF,INF,0.9,0,0,0.9,0.18,INF,0,0.9,0.9,INF,INF,INF,3.25,7,18,28.25,5.65,1.62018,3.25,18,14.75,0.464286,0.180556,0.388889,0,0,0,0,0,INF,0,0,0,INF,INF,INF,0,0,6,6,1.2,INF,0,6,6,INF,0,0,3.15,5,0,8.15,1.63,INF,0,5,5,0.63,INF,INF,3.3,0,0,3.3,0.66,INF,0,3.3,3.3,INF,INF,INF,6.45,5,6,17.45,3.49,1.16954,5,6.45,1.45,1.29,1.075,0.833333,42.5971,10.4876,27.315,80.3997,16.0799,4.37338,10.4876,42.5971,32.1095,4.06167,1.55948,0.38395,0,0,0,0,0,INF,0,0,0,INF,INF,INF,0,0.000310121,0,0.000310121,6.20E-05,INF,0,0.000310121,0.000310121,0,INF,INF,204.85,217,36,457.85,91.57,10.7732,36,217,181,0.944009,5.69028,6.02778
La0.7Sr0.1Ag0.2Mn1O3,53.1,25,24,102.1,20.42,5.43974,24,53.1,29.1,2.124,2.2125,1.04167,22.9,52,261,335.9,67.18,13.4421,22.9,261,238.1,0.440385,0.0877395,0.199234,127.569,54.938,47.9982,230.506,46.1011,11.2939,47.9982,127.569,79.5713,2.32206,2.6578,1.14459,1187.09,1519,164.4,2870.49,574.097,50.6357,164.4,1519,1354.6,0.781492,7.22072,9.23966,4.5,7,48,59.5,11.9,2.33875,4.5,48,43.5,0.642857,0.09375,0.145833,5.7,4,6,15.7,3.14,1.08057,4,6,2,1.425,0.95,0.666667,193.4,139,198,530.4,106.08,36.342,139,198,59,1.39137,0.976768,0.70202,1.251,1.55,10.32,13.121,2.6242,0.576296,1.251,10.32,9.069,0.807097,0.121221,0.150194,1.8,2,6,9.8,1.96,0.642857,1.8,6,4.2,0.9,0.3,0.333333,0,0,12,12,2.4,INF,0,12,12,INF,0,0,2.7,5,0,7.7,1.54,INF,0,5,5,0.54,INF,INF,0,0,0,0,0,INF,0,0,0,INF,INF,INF,4.5,7,18,29.5,5.9,1.8806,4.5,18,13.5,0.642857,0.25,0.388889,0.2,0,0,0.2,0.04,INF,0,0.2,0.2,INF,INF,INF,0,0,6,6,1.2,INF,0,6,6,INF,0,0,6.3,5,0,11.3,2.26,INF,0,6.3,6.3,1.26,INF,INF,0,0,0,0,0,INF,0,0,0,INF,INF,INF,6.5,5,6,17.5,3.5,1.17117,5,6.5,1.5,1.3,1.08333,0.833333,34.5172,10.4876,27.315,72.3198,14.464,4.27074,10.4876,34.5172,24.0297,3.29125,1.26367,0.38395,0,0,0,0,0,INF,0,0,0,INF,INF,INF,0,0.000310121,0,0.000310121,6.20E-05,INF,0,0.000310121,0.000310121,0,INF,INF,203.3,217,36,456.3,91.26,10.7688,36,217,181,0.936866,5.64722,6.02778
La0.67Sr0.33Mn1O3,50.73,25,24,99.73,19.946,5.41383,24,50.73,26.73,2.0292,2.11375,1.04167,11.35,52,261,324.35,64.87,8.41533,11.35,261,249.65,0.218269,0.0434866,0.199234,121.981,54.938,47.9982,224.918,44.9835,11.2483,47.9982,121.981,73.9831,2.22034,2.54137,1.14459,1145.81,1519,164.4,2829.21,565.842,50.558,164.4,1519,1354.6,0.754319,6.96965,9.23966,2.67,7,48,57.67,11.534,1.72447,2.67,48,45.33,0.381429,0.055625,0.145833,5.67,4,6,15.67,3.134,1.07949,4,6,2,1.4175,0.945,0.666667,203.04,139,198,540.04,108.008,36.6691,139,203.04,64.04,1.46072,1.02545,0.70202,1.0505,1.55,10.32,12.9205,2.5841,0.529721,1.0505,10.32,9.2695,0.677742,0.101793,0.150194,2,2,6,10,2,0.666667,2,6,4,1,0.333333,0.333333,0,0,12,12,2.4,INF,0,12,12,INF,0,0,0.67,5,0,5.67,1.134,INF,0,5,5,0.134,INF,INF,0,0,0,0,0,INF,0,0,0,INF,INF,INF,2.67,7,18,27.67,5.534,1.46187,2.67,18,15.33,0.381429,0.148333,0.388889,0,0,0,0,0,INF,0,0,0,INF,INF,INF,0,0,6,6,1.2,INF,0,6,6,INF,0,0,6.03,5,0,11.03,2.206,INF,0,6.03,6.03,1.206,INF,INF,0,0,0,0,0,INF,0,0,0,INF,INF,INF,6.03,5,6,17.03,3.406,1.15495,5,6.03,1.03,1.206,1.005,0.833333,42.6172,10.4876,27.315,80.4198,16.084,4.37359,10.4876,42.6172,32.1296,4.06359,1.56021,0.38395,0,0,0,0,0,INF,0,0,0,INF,INF,INF,0,0.000310121,0,0.000310121,6.20E-05,INF,0,0.000310121,0.000310121,0,INF,INF,204.23,217,36,457.23,91.446,10.7714,36,217,181,0.941152,5.67306,6.02778
La0.7Sr0.3Mn1O3,51.3,25,24,100.3,20.06,5.42025,24,51.3,27.3,2.052,2.1375,1.04167,11.5,52,261,324.5,64.9,8.49751,11.5,261,249.5,0.221154,0.0440613,0.199234,123.52,54.938,47.9982,226.456,45.2912,11.2612,47.9982,123.52,75.5216,2.24835,2.57343,1.14459,1150.1,1519,164.4,2833.5,566.7,50.5664,164.4,1519,1354.6,0.757143,6.99574,9.23966,2.7,7,48,57.7,11.54,1.73693,2.7,48,45.3,0.385714,0.05625,0.145833,5.7,4,6,15.7,3.14,1.08057,4,6,2,1.425,0.95,0.666667,203.4,139,198,540.4,108.08,36.6809,139,203.4,64.4,1.46331,1.02727,0.70202,1.055,1.55,10.32,12.925,2.585,0.530863,1.055,10.32,9.265,0.680645,0.102229,0.150194,2,2,6,10,2,0.666667,2,6,4,1,0.333333,0.333333,0,0,12,12,2.4,INF,0,12,12,INF,0,0,0.7,5,0,5.7,1.14,INF,0,5,5,0.14,INF,INF,0,0,0,0,0,INF,0,0,0,INF,INF,INF,2.7,7,18,27.7,5.54,1.47082,2.7,18,15.3,0.385714,0.15,0.388889,0,0,0,0,0,INF,0,0,0,INF,INF,INF,0,0,6,6,1.2,INF,0,6,6,INF,0,0,6.3,5,0,11.3,2.26,INF,0,6.3,6.3,1.26,INF,INF,0,0,0,0,0,INF,0,0,0,INF,INF,INF,6.3,5,6,17.3,3.46,1.16451,5,6.3,1.3,1.26,1.05,0.833333,42.0973,10.4876,27.315,79.8998,15.98,4.36805,10.4876,42.0973,31.6097,4.01401,1.54118,0.38395,0,0,0,0,0,INF,0,0,0,INF,INF,INF,0,0.000310121,0,0.000310121,6.20E-05,INF,0,0.000310121,0.000310121,0,INF,INF,203.3,217,36,456.3,91.26,10.7688,36,217,181,0.936866,5.64722,6.02778
La0.7Sr0.3Mn0.95Fe0.05O3,51.3,25.05,24,100.35,20.07,5.4226,24,51.3,27.3,2.0479,2.1375,1.04375,11.5,52.15,261,324.65,64.93,8.50151,11.5,261,249.5,0.220518,0.0440613,0.199808,123.52,54.9834,47.9982,226.501,45.3003,11.2631,47.9982,123.52,75.5216,2.24649,2.57343,1.14553,1150.1,1533.6,164.4,2848.1,569.62,50.5824,164.4,1533.6,1369.2,0.749935,6.99574,9.32847,2.7,7.05,48,57.75,11.55,1.73999,2.7,48,45.3,0.382979,0.05625,0.146875,5.7,4,6,15.7,3.14,1.08057,4,6,2,1.425,0.95,0.666667,203.4,138.65,198,540.05,108.01,36.6564,138.65,203.4,64.75,1.467,1.02727,0.700253,1.055,1.564,10.32,12.939,2.5878,0.532495,1.055,10.32,9.265,0.674552,0.102229,0.15155,2,2,6,10,2,0.666667,2,6,4,1,0.333333,0.333333,0,0,12,12,2.4,INF,0,12,12,INF,0,0,0.7,5.05,0,5.75,1.15,INF,0,5.05,5.05,0.138614,INF,INF,0,0,0,0,0,INF,0,0,0,INF,INF,INF,2.7,7.05,18,27.75,5.55,1.47301,2.7,18,15.3,0.382979,0.15,0.391667,0,0,0,0,0,INF,0,0,0,INF,INF,INF,0,0,6,6,1.2,INF,0,6,6,INF,0,0,6.3,4.95,0,11.25,2.25,INF,0,6.3,6.3,1.27273,INF,INF,0,0,0,0,0,INF,0,0,0,INF,INF,INF,6.3,4.95,6,17.25,3.45,1.16178,4.95,6.3,1.35,1.27273,1.05,0.825,42.0973,10.4997,27.315,79.912,15.9824,4.37015,10.4997,42.0973,31.5975,4.00937,1.54118,0.384393,0,0,0,0,0,INF,0,0,0,INF,INF,INF,0,0.105828,0,0.105828,0.0211656,INF,0,0.105828,0.105828,0,INF,INF,203.3,217.6,36,456.9,91.38,10.7703,36,217.6,181.6,0.934283,5.64722,6.04444
La0.7Sr0.3Mn0.9Cr0.1O3,51.3,24.9,24,100.2,20.04,5.41554,24,51.3,27.3,2.06024,2.1375,1.0375,11.5,51.7,261,324.2,64.84,8.48946,11.5,261,249.5,0.222437,0.0440613,0.198084,123.52,54.6439,47.9982,226.162,45.2324,11.2488,47.9982,123.52,75.5216,2.26045,2.57343,1.13846,1150.1,1585.1,164.4,2899.6,579.92,50.6367,164.4,1585.1,1420.7,0.725569,6.99574,9.64173,2.7,6.9,48,57.6,11.52,1.73071,2.7,48,45.3,0.391304,0.05625,0.14375,5.7,4,6,15.7,3.14,1.08057,4,6,2,1.425,0.95,0.666667,203.4,139,198,540.4,108.08,36.6809,139,203.4,64.4,1.46331,1.02727,0.70202,1.055,1.561,10.32,12.936,2.5872,0.532147,1.055,10.32,9.265,0.675849,0.102229,0.15126,2,1.9,6,9.9,1.98,0.655172,1.9,6,4.1,1.05263,0.333333,0.316667,0,0,12,12,2.4,INF,0,12,12,INF,0,0,0.7,5,0,5.7,1.14,INF,0,5,5,0.14,INF,INF,0,0,0,0,0,INF,0,0,0,INF,INF,INF,2.7,6.9,18,27.6,5.52,1.46635,2.7,18,15.3,0.391304,0.15,0.383333,0,0.1,0,0.1,0.02,INF,0,0.1,0.1,0,INF,INF,0,0,6,6,1.2,INF,0,6,6,INF,0,0,6.3,5,0,11.3,2.26,INF,0,6.3,6.3,1.26,INF,INF,0,0,0,0,0,INF,0,0,0,INF,INF,INF,6.3,5.1,6,17.4,3.48,1.16985,5.1,6.3,1.2,1.23529,1.05,0.85,42.0973,10.5578,27.315,79.9701,15.994,4.38019,10.5578,42.0973,31.5394,3.9873,1.54118,0.386521,0,0,0,0,0,INF,0,0,0,INF,INF,INF,0,0.000279109,0,0.000279109,5.58E-05,INF,0,0.000279109,0.000279109,0,INF,INF,203.3,218.2,36,457.5,91.5,10.7718,36,218.2,182.2,0.931714,5.64722,6.06111
La0.7Sr0.3Mn0.85Cr0.15O3,51.3,24.85,24,100.15,20.03,5.41317,24,51.3,27.3,2.06439,2.1375,1.03542,11.5,51.55,261,324.05,64.81,8.4854,11.5,261,249.5,0.223084,0.0440613,0.19751,123.52,54.4968,47.9982,226.015,45.203,11.2425,47.9982,123.52,75.5216,2.26655,2.57343,1.13539,1150.1,1618.15,164.4,2932.65,586.53,50.6697,164.4,1618.15,1453.75,0.71075,6.99574,9.84276,2.7,6.85,48,57.55,11.51,1.72755,2.7,48,45.3,0.394161,0.05625,0.142708,5.7,4,6,15.7,3.14,1.08057,4,6,2,1.425,0.95,0.666667,203.4,139,198,540.4,108.08,36.6809,139,203.4,64.4,1.46331,1.02727,0.70202,1.055,1.5665,10.32,12.9415,2.5883,0.532785,1.055,10.32,9.265,0.673476,0.102229,0.151793,2,1.85,6,9.85,1.97,0.649123,1.85,6,4.15,1.08108,0.333333,0.308333,0,0,12,12,2.4,INF,0,12,12,INF,0,0,0.7,5,0,5.7,1.14,INF,0,5,5,0.14,INF,INF,0,0,0,0,0,INF,0,0,0,INF,INF,INF,2.7,6.85,18,27.55,5.51,1.46408,2.7,18,15.3,0.394161,0.15,0.380556,0,0.15,0,0.15,0.03,INF,0,0.15,0.15,0,INF,INF,0,0,6,6,1.2,INF,0,6,6,INF,0,0,6.3,5,0,11.3,2.26,INF,0,6.3,6.3,1.26,INF,INF,0,0,0,0,0,INF,0,0,0,INF,INF,INF,6.3,5.15,6,17.45,3.49,1.17246,5.15,6.3,1.15,1.2233,1.05,0.858333,42.0973,10.5929,27.315,80.0052,16.001,4.38622,10.5929,42.0973,31.5043,3.97408,1.54118,0.387807,0,0,0,0,0,INF,0,0,0,INF,INF,INF,0,0.000263603,0,0.000263603,5.27E-05,INF,0,0.000263603,0.000263603,0,INF,INF,203.3,218.8,36,458.1,91.62,10.7732,36,218.8,182.8,0.929159,5.64722,6.07778
La0.7Sr0.3Mn0.85Fe0.15O3,51.3,25.15,24,100.45,20.09,5.42727,24,51.3,27.3,2.03976,2.1375,1.04792,11.5,52.45,261,324.95,64.99,8.50944,11.5,261,249.5,0.219256,0.0440613,0.200958,123.52,55.0741,47.9982,226.592,45.3184,11.2669,47.9982,123.52,75.5216,2.24279,2.57343,1.14742,1150.1,1562.8,164.4,2877.3,575.46,50.6136,164.4,1562.8,1398.4,0.735923,6.99574,9.50608,2.7,7.15,48,57.85,11.57,1.74602,2.7,48,45.3,0.377622,0.05625,0.148958,5.7,4,6,15.7,3.14,1.08057,4,6,2,1.425,0.95,0.666667,203.4,137.95,198,539.35,107.87,36.6073,137.95,203.4,65.45,1.47445,1.02727,0.696717,1.055,1.592,10.32,12.967,2.5934,0.535703,1.055,10.32,9.265,0.662688,0.102229,0.154264,2,2,6,10,2,0.666667,2,6,4,1,0.333333,0.333333,0,0,12,12,2.4,INF,0,12,12,INF,0,0,0.7,5.15,0,5.85,1.17,INF,0,5.15,5.15,0.135922,INF,INF,0,0,0,0,0,INF,0,0,0,INF,INF,INF,2.7,7.15,18,27.85,5.57,1.47733,2.7,18,15.3,0.377622,0.15,0.397222,0,0,0,0,0,INF,0,0,0,INF,INF,INF,0,0,6,6,1.2,INF,0,6,6,INF,0,0,6.3,4.85,0,11.15,2.23,INF,0,6.3,6.3,1.29897,INF,INF,0,0,0,0,0,INF,0,0,0,INF,INF,INF,6.3,4.85,6,17.15,3.43,1.15618,4.85,6.3,1.45,1.29897,1.05,0.808333,42.0973,10.5239,27.315,79.9362,15.9872,4.37434,10.5239,42.0973,31.5733,4.00014,1.54118,0.385281,0,0,0,0,0,INF,0,0,0,INF,INF,INF,0,0.316863,0,0.316863,0.0633726,INF,0,0.316863,0.316863,0,INF,INF,203.3,218.8,36,458.1,91.62,10.7732,36,218.8,182.8,0.929159,5.64722,6.07778
La0.68Nd0.02Ba0.3Mn0.9Cr0.1O3,56.76,24.9,24,105.66,21.132,5.4711,24,56.76,32.76,2.27952,2.365,1.0375,11.92,51.7,261,324.62,64.924,8.71617,11.92,261,249.08,0.230561,0.0456705,0.198084,138.539,54.6439,47.9982,241.181,48.2361,11.3609,47.9982,138.539,90.5405,2.5353,2.88633,1.13846,1137.12,1585.1,164.4,2886.62,577.324,50.6112,164.4,1585.1,1420.7,0.717381,6.91679,9.64173,2.7,6.9,48,57.6,11.52,1.73071,2.7,48,45.3,0.391304,0.05625,0.14375,6,4,6,16,3.2,1.09091,4,6,2,1.5,1,0.666667,209.28,139,198,546.28,109.256,36.8677,139,209.28,70.28,1.50561,1.05697,0.70202,1.0378,1.561,10.32,12.9188,2.58376,0.527735,1.0378,10.32,9.2822,0.66483,0.100562,0.15126,2,1.9,6,9.9,1.98,0.655172,1.9,6,4.1,1.05263,0.333333,0.316667,0,0,12,12,2.4,INF,0,12,12,INF,0,0,0.68,5,0,5.68,1.136,INF,0,5,5,0.136,INF,INF,0.08,0,0,0.08,0.016,INF,0,0.08,0.08,INF,INF,INF,2.76,6.9,18,27.66,5.532,1.48387,2.76,18,15.24,0.4,0.153333,0.383333,0,0.1,0,0.1,0.02,INF,0,0.1,0.1,0,INF,INF,0,0,6,6,1.2,INF,0,6,6,INF,0,0,6.12,5,0,11.12,2.224,INF,0,6.12,6.12,1.224,INF,INF,0.2,0,0,0.2,0.04,INF,0,0.2,0.2,INF,INF,INF,6.32,5.1,6,17.42,3.484,1.17054,5.1,6.32,1.22,1.23922,1.05333,0.85,44.8635,10.5578,27.315,82.7363,16.5473,4.40847,10.5578,44.8635,34.3057,4.24931,1.64245,0.386521,0,0,0,0,0,INF,0,0,0,INF,INF,INF,0,0.000279109,0,0.000279109,5.58E-05,INF,0,0.000279109,0.000279109,0,INF,INF,204.5,218.2,36,458.7,91.74,10.7751,36,218.2,182.2,0.937214,5.68056,6.06111
La0.7Ba0.3Mn0.9Cr0.1O3,56.7,24.9,24,105.6,21.12,5.47054,24,56.7,32.7,2.27711,2.3625,1.0375,11.8,51.7,261,324.5,64.9,8.65184,11.8,261,249.2,0.22824,0.0452107,0.198084,138.432,54.6439,47.9982,241.074,48.2148,11.3602,47.9982,138.432,90.4337,2.53335,2.88411,1.13846,1135.1,1585.1,164.4,2884.6,576.92,50.6072,164.4,1585.1,1420.7,0.716106,6.9045,9.64173,2.7,6.9,48,57.6,11.52,1.73071,2.7,48,45.3,0.391304,0.05625,0.14375,6,4,6,16,3.2,1.09091,4,6,2,1.5,1,0.666667,209.4,139,198,546.4,109.28,36.8714,139,209.4,70.4,1.50647,1.05758,0.70202,1.037,1.561,10.32,12.918,2.5836,0.527528,1.037,10.32,9.283,0.664318,0.100484,0.15126,2,1.9,6,9.9,1.98,0.655172,1.9,6,4.1,1.05263,0.333333,0.316667,0,0,12,12,2.4,INF,0,12,12,INF,0,0,0.7,5,0,5.7,1.14,INF,0,5,5,0.14,INF,INF,0,0,0,0,0,INF,0,0,0,INF,INF,INF,2.7,6.9,18,27.6,5.52,1.46635,2.7,18,15.3,0.391304,0.15,0.383333,0,0.1,0,0.1,0.02,INF,0,0.1,0.1,0,INF,INF,0,0,6,6,1.2,INF,0,6,6,INF,0,0,6.3,5,0,11.3,2.26,INF,0,6.3,6.3,1.26,INF,INF,0,0,0,0,0,INF,0,0,0,INF,INF,INF,6.3,5.1,6,17.4,3.48,1.16985,5.1,6.3,1.2,1.23529,1.05,0.85,44.9053,10.5578,27.315,82.7781,16.5556,4.40887,10.5578,44.9053,34.3474,4.25327,1.64398,0.386521,0,0,0,0,0,INF,0,0,0,INF,INF,INF,0,0.000279109,0,0.000279109,5.58E-05,INF,0,0.000279109,0.000279109,0,INF,INF,204.5,218.2,36,458.7,91.74,10.7751,36,218.2,182.2,0.937214,5.68056,6.06111
La0.7Sr0.3Mn0.9Fe0.1O3,51.3,25.1,24,100.4,20.08,5.42494,24,51.3,27.3,2.04382,2.1375,1.04583,11.5,52.3,261,324.8,64.96,8.50548,11.5,261,249.5,0.219885,0.0440613,0.200383,123.52,55.0287,47.9982,226.547,45.3094,11.265,47.9982,123.52,75.5216,2.24464,2.57343,1.14648,1150.1,1548.2,164.4,2862.7,572.54,50.5981,164.4,1548.2,1383.8,0.742863,6.99574,9.41727,2.7,7.1,48,57.8,11.56,1.74302,2.7,48,45.3,0.380282,0.05625,0.147917,5.7,4,6,15.7,3.14,1.08057,4,6,2,1.425,0.95,0.666667,203.4,138.3,198,539.7,107.94,36.6319,138.3,203.4,65.1,1.47072,1.02727,0.698485,1.055,1.578,10.32,12.953,2.5906,0.534109,1.055,10.32,9.265,0.668568,0.102229,0.152907,2,2,6,10,2,0.666667,2,6,4,1,0.333333,0.333333,0,0,12,12,2.4,INF,0,12,12,INF,0,0,0.7,5.1,0,5.8,1.16,INF,0,5.1,5.1,0.137255,INF,INF,0,0,0,0,0,INF,0,0,0,INF,INF,INF,2.7,7.1,18,27.8,5.56,1.47518,2.7,18,15.3,0.380282,0.15,0.394444,0,0,0,0,0,INF,0,0,0,INF,INF,INF,0,0,6,6,1.2,INF,0,6,6,INF,0,0,6.3,4.9,0,11.2,2.24,INF,0,6.3,6.3,1.28571,INF,INF,0,0,0,0,0,INF,0,0,0,INF,INF,INF,6.3,4.9,6,17.2,3.44,1.159,4.9,6.3,1.4,1.28571,1.05,0.816667,42.0973,10.5118,27.315,79.9241,15.9848,4.37225,10.5118,42.0973,31.5854,4.00475,1.54118,0.384837,0,0,0,0,0,INF,0,0,0,INF,INF,INF,0,0.211345,0,0.211345,0.0422691,INF,0,0.211345,0.211345,0,INF,INF,203.3,218.2,36,457.5,91.5,10.7718,36,218.2,182.2,0.931714,5.64722,6.06111
La0.7Ba0.3Mn0.9Fe0.1O3,56.7,25.1,24,105.8,21.16,5.48013,24,56.7,32.7,2.25896,2.3625,1.04583,11.8,52.3,261,325.1,65.02,8.66848,11.8,261,249.2,0.225621,0.0452107,0.200383,138.432,55.0287,47.9982,241.459,48.2918,11.3768,47.9982,138.432,90.4337,2.51563,2.88411,1.14648,1135.1,1548.2,164.4,2847.7,569.54,50.5687,164.4,1548.2,1383.8,0.733174,6.9045,9.41727,2.7,7.1,48,57.8,11.56,1.74302,2.7,48,45.3,0.380282,0.05625,0.147917,6,4,6,16,3.2,1.09091,4,6,2,1.5,1,0.666667,209.4,138.3,198,545.7,109.14,36.8219,138.3,209.4,71.1,1.5141,1.05758,0.698485,1.037,1.578,10.32,12.935,2.587,0.529456,1.037,10.32,9.283,0.657161,0.100484,0.152907,2,2,6,10,2,0.666667,2,6,4,1,0.333333,0.333333,0,0,12,12,2.4,INF,0,12,12,INF,0,0,0.7,5.1,0,5.8,1.16,INF,0,5.1,5.1,0.137255,INF,INF,0,0,0,0,0,INF,0,0,0,INF,INF,INF,2.7,7.1,18,27.8,5.56,1.47518,2.7,18,15.3,0.380282,0.15,0.394444,0,0,0,0,0,INF,0,0,0,INF,INF,INF,0,0,6,6,1.2,INF,0,6,6,INF,0,0,6.3,4.9,0,11.2,2.24,INF,0,6.3,6.3,1.28571,INF,INF,0,0,0,0,0,INF,0,0,0,INF,INF,INF,6.3,4.9,6,17.2,3.44,1.159,4.9,6.3,1.4,1.28571,1.05,0.816667,44.9053,10.5118,27.315,82.7321,16.5464,4.40083,10.5118,44.9053,34.3934,4.27188,1.64398,0.384837,0,0,0,0,0,INF,0,0,0,INF,INF,INF,0,0.211345,0,0.211345,0.0422691,INF,0,0.211345,0.211345,0,INF,INF,204.5,218.2,36,458.7,91.74,10.7751,36,218.2,182.2,0.937214,5.68056,6.06111
La0.67Ca0.33Mn1O3,44.79,25,24,93.79,18.758,5.33828,24,44.79,20.79,1.7916,1.86625,1.04167,11.02,52,261,324.02,64.804,8.23254,11.02,261,249.98,0.211923,0.0422222,0.199234,106.292,54.938,47.9982,209.229,41.8457,11.0972,47.9982,106.292,58.2942,1.93477,2.21451,1.14459,1167.26,1519,164.4,2850.66,570.132,50.5991,164.4,1519,1354.6,0.76844,7.10012,9.23966,2.67,7,48,57.67,11.534,1.72447,2.67,48,45.33,0.381429,0.055625,0.145833,5.34,4,6,15.34,3.068,1.06693,4,6,2,1.335,0.89,0.666667,196.77,139,198,533.77,106.754,36.4593,139,198,59,1.41561,0.993788,0.70202,1.067,1.55,10.32,12.937,2.5874,0.533884,1.067,10.32,9.253,0.688387,0.103391,0.150194,2,2,6,10,2,0.666667,2,6,4,1,0.333333,0.333333,0,0,12,12,2.4,INF,0,12,12,INF,0,0,0.67,5,0,5.67,1.134,INF,0,5,5,0.134,INF,INF,0,0,0,0,0,INF,0,0,0,INF,INF,INF,2.67,7,18,27.67,5.534,1.46187,2.67,18,15.33,0.381429,0.148333,0.388889,0,0,0,0,0,INF,0,0,0,INF,INF,INF,0,0,6,6,1.2,INF,0,6,6,INF,0,0,6.03,5,0,11.03,2.206,INF,0,6.03,6.03,1.206,INF,INF,0,0,0,0,0,INF,0,0,0,INF,INF,INF,6.03,5,6,17.03,3.406,1.15495,5,6.03,1.03,1.206,1.005,0.833333,37.1854,10.4876,27.315,74.988,14.9976,4.30899,10.4876,37.1854,26.6978,3.54566,1.36136,0.38395,0,0,0,0,0,INF,0,0,0,INF,INF,INF,0,0.000310121,0,0.000310121,6.20E-05,INF,0,0.000310121,0.000310121,0,INF,INF,204.23,217,36,457.23,91.446,10.7714,36,217,181,0.941152,5.67306,6.02778
La0.6Sr0.1Cu0.3Mn1O3,46.7,25,24,95.7,19.14,5.36442,24,46.7,22.7,1.868,1.94583,1.04167,27.8,52,261,340.8,68.16,14.9933,27.8,261,233.2,0.534615,0.106513,0.199234,111.169,54.938,47.9982,214.105,42.8211,11.1483,47.9982,111.169,63.1709,2.02354,2.31611,1.14459,1228.13,1519,164.4,2911.53,582.306,50.708,164.4,1519,1354.6,0.808513,7.47038,9.23966,5.3,7,48,60.3,12.06,2.53784,5.3,48,42.7,0.757143,0.110417,0.145833,5.3,4,6,15.3,3.06,1.06533,4,6,2,1.325,0.883333,0.666667,183.3,139,198,520.3,104.06,35.9695,139,198,59,1.31871,0.925758,0.70202,1.325,1.55,10.32,13.195,2.639,0.591514,1.325,10.32,8.995,0.854839,0.128391,0.150194,1.7,2,6,9.7,1.94,0.62963,1.7,6,4.3,0.85,0.283333,0.333333,0,0,12,12,2.4,INF,0,12,12,INF,0,0,3.6,5,0,8.6,1.72,INF,0,5,5,0.72,INF,INF,0,0,0,0,0,INF,0,0,0,INF,INF,INF,5.3,7,18,30.3,6.06,2.00721,5.3,18,12.7,0.757143,0.294444,0.388889,0.3,0,0,0.3,0.06,INF,0,0.3,0.3,INF,INF,INF,0,0,6,6,1.2,INF,0,6,6,INF,0,0,5.4,5,0,10.4,2.08,INF,0,5.4,5.4,1.08,INF,INF,0,0,0,0,0,INF,0,0,0,INF,INF,INF,5.7,5,6,16.7,3.34,1.14228,5,6,1,1.14,0.95,0.833333,30.8825,10.4876,27.315,68.6851,13.737,4.20944,10.4876,30.8825,20.3949,2.94467,1.13061,0.38395,0,0,0,0,0,INF,0,0,0,INF,INF,INF,0,0.000310121,0,0.000310121,6.20E-05,INF,0,0.000310121,0.000310121,0,INF,INF,206.4,217,36,459.4,91.88,10.7774,36,217,181,0.951152,5.73333,6.02778
La0.65Ca0.18Sr0.17Mn1O3,47.11,25,24,96.11,19.222,5.36979,24,47.11,23.11,1.8844,1.96292,1.04167,11.07,52,261,324.07,64.814,8.26042,11.07,261,249.93,0.212885,0.0424138,0.199234,112.398,54.938,47.9982,215.334,43.0668,11.1605,47.9982,112.398,64.3998,2.0459,2.34171,1.14459,1154.65,1519,164.4,2838.05,567.61,50.5751,164.4,1519,1354.6,0.760138,7.02342,9.23966,2.65,7,48,57.65,11.53,1.7161,2.65,48,45.35,0.378571,0.0552083,0.145833,5.47,4,6,15.47,3.094,1.07202,4,6,2,1.3675,0.911667,0.666667,199.38,139,198,536.38,107.276,36.548,139,199.38,60.38,1.43439,1.00697,0.70202,1.0565,1.55,10.32,12.9265,2.5853,0.531242,1.0565,10.32,9.2635,0.681613,0.102374,0.150194,2,2,6,10,2,0.666667,2,6,4,1,0.333333,0.333333,0,0,12,12,2.4,INF,0,12,12,INF,0,0,0.65,5,0,5.65,1.13,INF,0,5,5,0.13,INF,INF,0,0,0,0,0,INF,0,0,0,INF,INF,INF,2.65,7,18,27.65,5.53,1.45585,2.65,18,15.35,0.378571,0.147222,0.388889,0,0,0,0,0,INF,0,0,0,INF,INF,INF,0,0,6,6,1.2,INF,0,6,6,INF,0,0,5.85,5,0,10.85,2.17,INF,0,5.85,5.85,1.17,INF,INF,0,0,0,0,0,INF,0,0,0,INF,INF,INF,5.85,5,6,16.85,3.37,1.14818,5,6,1,1.17,0.975,0.833333,40.0011,10.4876,27.315,77.8037,15.5607,4.34443,10.4876,40.0011,29.5135,3.81414,1.46444,0.38395,0,0,0,0,0,INF,0,0,0,INF,INF,INF,0,0.000310121,0,0.000310121,6.20E-05,INF,0,0.000310121,0.000310121,0,INF,INF,204.85,217,36,457.85,91.57,10.7732,36,217,181,0.944009,5.69028,6.02778
La0.67Ba0.33Mn0.98Ti0.02O3,56.67,24.94,24,105.61,21.122,5.47219,24,56.67,32.67,2.27225,2.36125,1.03917,11.68,51.82,261,324.5,64.9,8.59046,11.68,261,249.32,0.225396,0.044751,0.198544,138.385,54.7966,47.9982,241.179,48.2359,11.3665,47.9982,138.385,90.3864,2.52542,2.88312,1.14164,1129.31,1527.44,164.4,2821.15,564.23,50.5348,164.4,1527.44,1363.04,0.739348,6.86928,9.291,2.67,6.94,48,57.61,11.522,1.7208,2.67,48,45.33,0.384726,0.055625,0.144583,6,4,6,16,3.2,1.09091,4,6,2,1.5,1,0.666667,209.64,139.42,198,547.06,109.412,36.9083,139.42,209.64,70.22,1.50366,1.05879,0.704141,1.0307,1.5498,10.32,12.9005,2.5801,0.524616,1.0307,10.32,9.2893,0.665054,0.099874,0.150174,2,2,6,10,2,0.666667,2,6,4,1,0.333333,0.333333,0,0,12,12,2.4,INF,0,12,12,INF,0,0,0.67,4.94,0,5.61,1.122,INF,0,4.94,4.94,0.135628,INF,INF,0,0,0,0,0,INF,0,0,0,INF,INF,INF,2.67,6.94,18,27.61,5.522,1.45923,2.67,18,15.33,0.384726,0.148333,0.385556,0,0,0,0,0,INF,0,0,0,INF,INF,INF,0,0,6,6,1.2,INF,0,6,6,INF,0,0,6.03,5.06,0,11.09,2.218,INF,0,6.03,6.03,1.1917,INF,INF,0,0,0,0,0,INF,0,0,0,INF,INF,INF,6.03,5.06,6,17.09,3.418,1.15812,5.06,6.03,0.97,1.1917,1.005,0.843333,45.706,10.6116,27.315,83.6327,16.7265,4.42586,10.6116,45.706,35.0944,4.30716,1.67329,0.388491,0,0,0,0,0,INF,0,0,0,INF,INF,INF,0,0.000304369,0,0.000304369,6.09E-05,INF,0,0.000304369,0.000304369,0,INF,INF,205.55,216.54,36,458.09,91.618,10.774,36,216.54,180.54,0.949247,5.70972,6.015
La0.7Ca0.2Sr0.1Mn1O3,47.7,25,24,96.7,19.34,5.37737,24,47.7,23.7,1.908,1.9875,1.04167,11.3,52,261,324.3,64.86,8.38781,11.3,261,249.7,0.217308,0.043295,0.199234,114.011,54.938,47.9982,216.948,43.3895,11.1762,47.9982,114.011,66.0132,2.07527,2.37533,1.14459,1163.1,1519,164.4,2846.5,569.3,50.5912,164.4,1519,1354.6,0.765701,7.07482,9.23966,2.7,7,48,57.7,11.54,1.73693,2.7,48,45.3,0.385714,0.05625,0.145833,5.5,4,6,15.5,3.1,1.07317,4,6,2,1.375,0.916667,0.666667,199.6,139,198,536.6,107.32,36.5553,139,199.6,60.6,1.43597,1.00808,0.70202,1.065,1.55,10.32,12.935,2.587,0.533383,1.065,10.32,9.255,0.687097,0.103198,0.150194,2,2,6,10,2,0.666667,2,6,4,1,0.333333,0.333333,0,0,12,12,2.4,INF,0,12,12,INF,0,0,0.7,5,0,5.7,1.14,INF,0,5,5,0.14,INF,INF,0,0,0,0,0,INF,0,0,0,INF,INF,INF,2.7,7,18,27.7,5.54,1.47082,2.7,18,15.3,0.385714,0.15,0.388889,0,0,0,0,0,INF,0,0,0,INF,INF,INF,0,0,6,6,1.2,INF,0,6,6,INF,0,0,6.3,5,0,11.3,2.26,INF,0,6.3,6.3,1.26,INF,INF,0,0,0,0,0,INF,0,0,0,INF,INF,INF,6.3,5,6,17.3,3.46,1.16451,5,6.3,1.3,1.26,1.05,0.833333,38.8053,10.4876,27.315,76.6078,15.3216,4.32994,10.4876,38.8053,28.3177,3.70011,1.42066,0.38395,0,0,0,0,0,INF,0,0,0,INF,INF,INF,0,0.000310121,0,0.000310121,6.20E-05,INF,0,0.000310121,0.000310121,0,INF,INF,203.3,217,36,456.3,91.26,10.7688,36,217,181,0.936866,5.64722,6.02778
La0.65Nd0.05Ca0.3Mn1O3,46.05,25,24,95.05,19.01,5.35574,24,46.05,22.05,1.842,1.91875,1.04167,11.5,52,261,324.5,64.9,8.49751,11.5,261,249.5,0.221154,0.0440613,0.199234,109.524,54.938,47.9982,212.46,42.4921,11.1315,47.9982,109.524,61.5259,1.99359,2.28184,1.14459,1174.65,1519,164.4,2858.05,571.61,50.6129,164.4,1519,1354.6,0.773305,7.14507,9.23966,2.7,7,48,57.7,11.54,1.73693,2.7,48,45.3,0.385714,0.05625,0.145833,5.4,4,6,15.4,3.08,1.06931,4,6,2,1.35,0.9,0.666667,197.4,139,198,534.4,106.88,36.4809,139,198,59,1.42014,0.99697,0.70202,1.072,1.55,10.32,12.942,2.5884,0.535133,1.072,10.32,9.248,0.691613,0.103876,0.150194,2,2,6,10,2,0.666667,2,6,4,1,0.333333,0.333333,0,0,12,12,2.4,INF,0,12,12,INF,0,0,0.65,5,0,5.65,1.13,INF,0,5,5,0.13,INF,INF,0.2,0,0,0.2,0.04,INF,0,0.2,0.2,INF,INF,INF,2.85,7,18,27.85,5.57,1.51423,2.85,18,15.15,0.407143,0.158333,0.388889,0,0,0,0,0,INF,0,0,0,INF,INF,INF,0,0,6,6,1.2,INF,0,6,6,INF,0,0,5.85,5,0,10.85,2.17,INF,0,5.85,5.85,1.17,INF,INF,0.5,0,0,0.5,0.1,INF,0,0.5,0.5,INF,INF,INF,6.35,5,6,17.35,3.47,1.16621,5,6.35,1.35,1.27,1.05833,0.833333,37.0549,10.4876,27.315,74.8575,14.9715,4.30723,10.4876,37.0549,26.5673,3.53321,1.35658,0.38395,0,0,0,0,0,INF,0,0,0,INF,INF,INF,0,0.000310121,0,0.000310121,6.20E-05,INF,0,0.000310121,0.000310121,0,INF,INF,203.3,217,36,456.3,91.26,10.7688,36,217,181,0.936866,5.64722,6.02778
La0.6Sr0.2Ba0.2Mn1O3,53,25,24,102,20.4,5.43869,24,53,29,2.12,2.20833,1.04167,11.2,52,261,324.2,64.84,8.33259,11.2,261,249.8,0.215385,0.0429119,0.199234,128.333,54.938,47.9982,231.269,46.2538,11.2998,47.9982,128.333,80.3345,2.33595,2.6737,1.14459,1125.8,1519,164.4,2809.2,561.84,50.5184,164.4,1519,1354.6,0.741145,6.84793,9.23966,2.6,7,48,57.6,11.52,1.69499,2.6,48,45.4,0.371429,0.0541667,0.145833,5.8,4,6,15.8,3.16,1.08411,4,6,2,1.45,0.966667,0.666667,206.2,139,198,543.2,108.64,36.7709,139,206.2,67.2,1.48345,1.04141,0.70202,1.028,1.55,10.32,12.898,2.5796,0.523938,1.028,10.32,9.292,0.663226,0.0996124,0.150194,2,2,6,10,2,0.666667,2,6,4,1,0.333333,0.333333,0,0,12,12,2.4,INF,0,12,12,INF,0,0,0.6,5,0,5.6,1.12,INF,0,5,5,0.12,INF,INF,0,0,0,0,0,INF,0,0,0,INF,INF,INF,2.6,7,18,27.6,5.52,1.44063,2.6,18,15.4,0.371429,0.144444,0.388889,0,0,0,0,0,INF,0,0,0,INF,INF,INF,0,0,6,6,1.2,INF,0,6,6,INF,0,0,5.4,5,0,10.4,2.08,INF,0,5.4,5.4,1.08,INF,INF,0,0,0,0,0,INF,0,0,0,INF,INF,INF,5.4,5,6,16.4,3.28,1.12971,5,6,1,1.08,0.9,0.833333,45.7025,10.4876,27.315,83.5051,16.701,4.4041,10.4876,45.7025,35.2149,4.35777,1.67316,0.38395,0,0,0,0,0,INF,0,0,0,INF,INF,INF,0,0.000310121,0,0.000310121,6.20E-05,INF,0,0.000310121,0.000310121,0,INF,INF,207.2,217,36,460.2,92.04,10.7796,36,217,181,0.954839,5.75556,6.02778
La0.8Ba0.1Ca0.1Mn0.97Fe0.03O3,53.2,25.03,24,102.23,20.446,5.44221,24,53.2,29.2,2.12545,2.21667,1.04292,12,52.09,261,325.09,65.018,8.77,12,261,249,0.230371,0.045977,0.199579,128.865,54.9653,47.9982,231.828,46.3657,11.3051,47.9982,128.865,80.8667,2.34448,2.68479,1.14515,1165.9,1527.76,164.4,2858.06,571.612,50.6062,164.4,1527.76,1363.36,0.763143,7.09185,9.29294,2.8,7.03,48,57.83,11.566,1.77971,2.8,48,45.2,0.398293,0.0583333,0.146458,5.8,4,6,15.8,3.16,1.08411,4,6,2,1.45,0.966667,0.666667,204.7,138.79,198,541.49,108.298,36.7082,138.79,204.7,65.91,1.47489,1.03384,0.70096,1.069,1.5584,10.32,12.9474,2.58948,0.535379,1.069,10.32,9.251,0.68596,0.103585,0.151008,2,2,6,10,2,0.666667,2,6,4,1,0.333333,0.333333,0,0,12,12,2.4,INF,0,12,12,INF,0,0,0.8,5.03,0,5.83,1.166,INF,0,5.03,5.03,0.159046,INF,INF,0,0,0,0,0,INF,0,0,0,INF,INF,INF,2.8,7.03,18,27.83,5.566,1.50137,2.8,18,15.2,0.398293,0.155556,0.390556,0,0,0,0,0,INF,0,0,0,INF,INF,INF,0,0,6,6,1.2,INF,0,6,6,INF,0,0,7.2,4.97,0,12.17,2.434,INF,0,7.2,7.2,1.44869,INF,INF,0,0,0,0,0,INF,0,0,0,INF,INF,INF,7.2,4.97,6,18.17,3.634,1.19034,4.97,7.2,2.23,1.44869,1.2,0.828333,39.654,10.4949,27.315,77.4639,15.4928,4.34155,10.4949,39.654,29.1591,3.77842,1.45173,0.384216,0,0,0,0,0,INF,0,0,0,INF,INF,INF,0,0.0636207,0,0.0636207,0.0127241,INF,0,0.0636207,0.0636207,0,INF,INF,200.6,217.36,36,453.96,90.792,10.7621,36,217.36,181.36,0.922893,5.57222,6.03778
La0.9Mg0.1Mn1O3,52.5,25,24,101.5,20.3,5.43338,24,52.5,28.5,2.1,2.1875,1.04167,18.5,52,261,331.5,66.3,11.7954,18.5,261,242.5,0.355769,0.0708812,0.199234,127.445,54.938,47.9982,230.382,46.0763,11.2929,47.9982,127.445,79.4472,2.3198,2.65521,1.14459,1166,1519,164.4,2849.4,569.88,50.5967,164.4,1519,1354.6,0.76761,7.09246,9.23966,2.9,7,48,57.9,11.58,1.81757,2.9,48,45.1,0.414286,0.0604167,0.145833,5.7,4,6,15.7,3.14,1.08057,4,6,2,1.425,0.95,0.666667,200.4,139,198,537.4,107.48,36.5821,139,200.4,61.4,1.44173,1.01212,0.70202,1.121,1.55,10.32,12.991,2.5982,0.54707,1.121,10.32,9.199,0.723226,0.108624,0.150194,2,2,6,10,2,0.666667,2,6,4,1,0.333333,0.333333,0,0,12,12,2.4,INF,0,12,12,INF,0,0,0.9,5,0,5.9,1.18,INF,0,5,5,0.18,INF,INF,0,0,0,0,0,INF,0,0,0,INF,INF,INF,2.9,7,18,27.9,5.58,1.52823,2.9,18,15.1,0.414286,0.161111,0.388889,0,0,0,0,0,INF,0,0,0,INF,INF,INF,0,0,6,6,1.2,INF,0,6,6,INF,0,0,8.1,5,0,13.1,2.62,INF,0,8.1,8.1,1.62,INF,INF,0,0,0,0,0,INF,0,0,0,INF,INF,INF,8.1,5,6,19.1,3.82,1.21439,5,8.1,3.1,1.62,1.35,0.833333,35.4968,10.4876,27.315,73.2993,14.6599,4.28537,10.4876,35.4968,25.0092,3.38464,1.29953,0.38395,0,0,0,0,0,INF,0,0,0,INF,INF,INF,0,0.000310121,0,0.000310121,6.20E-05,INF,0,0.000310121,0.000310121,0,INF,INF,194,217,36,447,89.4,10.7416,36,217,181,0.894009,5.38889,6.02778
La0.8Ba0.2Mn1O3,56.8,25,24,105.8,21.16,5.47628,24,56.8,32.8,2.272,2.36667,1.04167,12.2,52,261,325.2,65.04,8.87373,12.2,261,248.8,0.234615,0.0467433,0.199234,138.59,54.938,47.9982,241.526,48.3052,11.3739,47.9982,138.59,90.5916,2.52266,2.8874,1.14459,1154.4,1519,164.4,2837.8,567.56,50.5746,164.4,1519,1354.6,0.759974,7.0219,9.23966,2.8,7,48,57.8,11.56,1.77778,2.8,48,45.2,0.4,0.0583333,0.145833,6,4,6,16,3.2,1.09091,4,6,2,1.5,1,0.666667,208.6,139,198,545.6,109.12,36.8465,139,208.6,69.6,1.50072,1.05354,0.70202,1.058,1.55,10.32,12.928,2.5856,0.531621,1.058,10.32,9.262,0.682581,0.102519,0.150194,2,2,6,10,2,0.666667,2,6,4,1,0.333333,0.333333,0,0,12,12,2.4,INF,0,12,12,INF,0,0,0.8,5,0,5.8,1.16,INF,0,5,5,0.16,INF,INF,0,0,0,0,0,INF,0,0,0,INF,INF,INF,2.8,7,18,27.8,5.56,1.5,2.8,18,15.2,0.4,0.155556,0.388889,0,0,0,0,0,INF,0,0,0,INF,INF,INF,0,0,6,6,1.2,INF,0,6,6,INF,0,0,7.2,5,0,12.2,2.44,INF,0,7.2,7.2,1.44,INF,INF,0,0,0,0,0,INF,0,0,0,INF,INF,INF,7.2,5,6,18.2,3.64,1.19205,5,7.2,2.2,1.44,1.2,0.833333,42.236,10.4876,27.315,80.0386,16.0077,4.36954,10.4876,42.236,31.7484,4.02724,1.54626,0.38395,0,0,0,0,0,INF,0,0,0,INF,INF,INF,0,0.000310121,0,0.000310121,6.20E-05,INF,0,0.000310121,0.000310121,0,INF,INF,201,217,36,454,90.8,10.7623,36,217,181,0.926267,5.58333,6.02778
La0.67Ba0.23Ca0.1Mn1O3,53.07,25,24,102.07,20.414,5.43942,24,53.07,29.07,2.1228,2.21125,1.04167,11.48,52,261,324.48,64.896,8.48658,11.48,261,249.52,0.220769,0.0439847,0.199234,128.66,54.938,47.9982,231.596,46.3192,11.3024,47.9982,128.66,80.6615,2.3419,2.68051,1.14459,1140.81,1519,164.4,2824.21,564.842,50.5483,164.4,1519,1354.6,0.751027,6.93923,9.23966,2.67,7,48,57.67,11.534,1.72447,2.67,48,45.33,0.381429,0.055625,0.145833,5.8,4,6,15.8,3.16,1.08411,4,6,2,1.45,0.966667,0.666667,205.74,139,198,542.74,108.548,36.7562,139,205.74,66.74,1.48014,1.03909,0.70202,1.0417,1.55,10.32,12.9117,2.58234,0.527474,1.0417,10.32,9.2783,0.672065,0.10094,0.150194,2,2,6,10,2,0.666667,2,6,4,1,0.333333,0.333333,0,0,12,12,2.4,INF,0,12,12,INF,0,0,0.67,5,0,5.67,1.134,INF,0,5,5,0.134,INF,INF,0,0,0,0,0,INF,0,0,0,INF,INF,INF,2.67,7,18,27.67,5.534,1.46187,2.67,18,15.33,0.381429,0.148333,0.388889,0,0,0,0,0,INF,0,0,0,INF,INF,INF,0,0,6,6,1.2,INF,0,6,6,INF,0,0,6.03,5,0,11.03,2.206,INF,0,6.03,6.03,1.206,INF,INF,0,0,0,0,0,INF,0,0,0,INF,INF,INF,6.03,5,6,17.03,3.406,1.15495,5,6.03,1.03,1.206,1.005,0.833333,43.124,10.4876,27.315,80.9266,16.1853,4.37887,10.4876,43.124,32.6364,4.11191,1.57877,0.38395,0,0,0,0,0,INF,0,0,0,INF,INF,INF,0,0.000310121,0,0.000310121,6.20E-05,INF,0,0.000310121,0.000310121,0,INF,INF,205.15,217,36,458.15,91.63,10.774,36,217,181,0.945392,5.69861,6.02778
La0.7Ba0.3Mn1O3,56.7,25,24,105.7,21.14,5.47535,24,56.7,32.7,2.268,2.3625,1.04167,11.8,52,261,324.8,64.96,8.6602,11.8,261,249.2,0.226923,0.0452107,0.199234,138.432,54.938,47.9982,241.368,48.2736,11.3729,47.9982,138.432,90.4337,2.51978,2.88411,1.14459,1135.1,1519,164.4,2818.5,563.7,50.537,164.4,1519,1354.6,0.747268,6.9045,9.23966,2.7,7,48,57.7,11.54,1.73693,2.7,48,45.3,0.385714,0.05625,0.145833,6,4,6,16,3.2,1.09091,4,6,2,1.5,1,0.666667,209.4,139,198,546.4,109.28,36.8714,139,209.4,70.4,1.50647,1.05758,0.70202,1.037,1.55,10.32,12.907,2.5814,0.526266,1.037,10.32,9.283,0.669032,0.100484,0.150194,2,2,6,10,2,0.666667,2,6,4,1,0.333333,0.333333,0,0,12,12,2.4,INF,0,12,12,INF,0,0,0.7,5,0,5.7,1.14,INF,0,5,5,0.14,INF,INF,0,0,0,0,0,INF,0,0,0,INF,INF,INF,2.7,7,18,27.7,5.54,1.47082,2.7,18,15.3,0.385714,0.15,0.388889,0,0,0,0,0,INF,0,0,0,INF,INF,INF,0,0,6,6,1.2,INF,0,6,6,INF,0,0,6.3,5,0,11.3,2.26,INF,0,6.3,6.3,1.26,INF,INF,0,0,0,0,0,INF,0,0,0,INF,INF,INF,6.3,5,6,17.3,3.46,1.16451,5,6.3,1.3,1.26,1.05,0.833333,44.9053,10.4876,27.315,82.7078,16.5416,4.39658,10.4876,44.9053,34.4177,4.28175,1.64398,0.38395,0,0,0,0,0,INF,0,0,0,INF,INF,INF,0,0.000310121,0,0.000310121,6.20E-05,INF,0,0.000310121,0.000310121,0,INF,INF,204.5,217,36,457.5,91.5,10.7722,36,217,181,0.942396,5.68056,6.02778
La0.57Dy0.1Sr0.33Mn1O3,51.63,25,24,100.63,20.126,5.42392,24,51.63,27.63,2.0652,2.15125,1.04167,13.15,52,261,326.15,65.23,9.36587,13.15,261,247.85,0.252885,0.0503831,0.199234,124.341,54.938,47.9982,227.277,45.4554,11.268,47.9982,124.341,76.3425,2.26329,2.59053,1.14459,1195.01,1519,164.4,2878.41,575.682,50.6501,164.4,1519,1354.6,0.786708,7.26892,9.23966,2.67,7,48,57.67,11.534,1.72447,2.67,48,45.33,0.381429,0.055625,0.145833,5.67,4,6,15.67,3.134,1.07949,4,6,2,1.4175,0.945,0.666667,201.54,139,198,538.54,107.708,36.6199,139,201.54,62.54,1.44993,1.01788,0.70202,1.0625,1.55,10.32,12.9325,2.5865,0.532755,1.0625,10.32,9.2575,0.685484,0.102955,0.150194,2,2,6,10,2,0.666667,2,6,4,1,0.333333,0.333333,0,0,12,12,2.4,INF,0,12,12,INF,0,0,0.57,5,0,5.57,1.114,INF,0,5,5,0.114,INF,INF,1,0,0,1,0.2,INF,0,1,1,INF,INF,INF,3.57,7,18,28.57,5.714,1.69596,3.57,18,14.43,0.51,0.198333,0.388889,0,0,0,0,0,INF,0,0,0,INF,INF,INF,0,0,6,6,1.2,INF,0,6,6,INF,0,0,5.13,5,0,10.13,2.026,INF,0,5.13,5.13,1.026,INF,INF,0.4,0,0,0.4,0.08,INF,0,0.4,0.4,INF,INF,INF,5.53,5,6,16.53,3.306,1.13529,5,6,1,1.106,0.921667,0.833333,42.0515,10.4876,27.315,79.8541,15.9708,4.36756,10.4876,42.0515,31.5639,4.00964,1.5395,0.38395,0,0,0,0,0,INF,0,0,0,INF,INF,INF,0,0.000310121,0,0.000310121,6.20E-05,INF,0,0.000310121,0.000310121,0,INF,INF,204.23,217,36,457.23,91.446,10.7714,36,217,181,0.941152,5.67306,6.02778
