symbol,degree,ionicradii energy eV
H,1,13.59843401
He,1,24.58738794
He,2,54.41776311
Li,1,5.391714761
Li,2,75.6400937
Li,3,122.4543538
Be,1,9.322699
Be,2,18.211153
Be,3,153.896198
Be,4,217.7185766
B,1,8.298019
B,2,25.15483
B,3,37.93058
B,4,259.3715
B,5,340.226008
C,1,11.260296
C,2,24.3845
C,3,47.88778
C,4,64.49358
C,5,392.0905
C,6,489.993177
N,1,14.53413
N,2,29.60125
N,3,47.4453
N,4,77.4735
N,5,97.89013
N,6,552.06731
N,7,667.04609
O,1,13.618054
O,2,35.12111
O,3,54.93554
O,4,77.4135
O,5,113.8989
O,6,138.1189
O,7,739.32679
O,8,871.40985
F,1,17.42282
F,2,34.97081
F,3,62.708
F,4,87.175
F,5,114.249
F,6,157.1631
F,7,185.1868
F,8,953.898
F,9,1103.11743
Ne,1,21.56454
Ne,2,40.96296
Ne,3,63.42331
Ne,4,97.19
Ne,5,126.247
Ne,6,157.934
Ne,7,207.271
Ne,8,239.0969
Ne,9,1195.80779
Ne,10,1362.1991
Na,1,5.1390767
Na,2,47.28636
Na,3,71.62
Na,4,98.936
Na,5,138.4
Na,6,172.228
Na,7,208.5
Na,8,264.192
Na,9,299.86
Na,10,1465.13444
Na,11,1648.702
Mg,1,7.646235
Mg,2,15.035267
Mg,3,80.1436
Mg,4,109.2654
Mg,5,141.335
Mg,6,186.76
Mg,7,225.015
Mg,8,265.924
Mg,9,327.985
Mg,10,367.5
Mg,11,1761.80481
Mg,12,1962.664
Al,1,5.9857684
Al,2,18.82855
Al,3,28.44764
Al,4,119.9924
Al,5,153.8252
Al,6,190.49
Al,7,241.76
Al,8,284.638
Al,9,330.212
Al,10,398.65
Al,11,442.005
Al,12,2085.97693
Al,13,2304.14
Si,1,8.151683
Si,2,16.345845
Si,3,33.493
Si,4,45.14179
Si,5,166.767
Si,6,205.267
Si,7,246.32
Si,8,303.66
Si,9,351.1
Si,10,401.38
Si,11,476.18
Si,12,523.415
Si,13,2437.65804
Si,14,2673.1774
P,1,10.486686
P,2,19.76949
P,3,30.20264
P,4,51.44387
P,5,65.02511
P,6,220.4304
P,7,263.57
P,8,309.6
P,9,372.31
P,10,424.4
P,11,479.441
P,12,560.62
P,13,611.74
P,14,2816.90867
P,15,3069.8414
S,1,10.36001
S,2,23.33788
S,3,34.856
S,4,47.222
S,5,72.59449
S,6,88.05292
S,7,280.954
S,8,328.79
S,9,379.84
S,10,447.74
S,11,504.55
S,12,564.407
S,13,651.96
S,14,706.994
S,15,3223.78059
S,16,3494.1877
Cl,1,12.96763
Cl,2,23.81364
Cl,3,39.8
Cl,4,53.24
Cl,5,67.68
Cl,6,96.94
Cl,7,114.2013
Cl,8,348.306
Cl,9,400.851
Cl,10,456.68
Cl,11,529.97
Cl,12,591.58
Cl,13,656.3
Cl,14,750.2
Cl,15,809.198
Cl,16,3658.34362
Cl,17,3946.2908
Ar,1,15.7596112
Ar,2,27.62967
Ar,3,40.735
Ar,4,59.58
Ar,5,74.84
Ar,6,91.29
Ar,7,124.412
Ar,8,143.4567
Ar,9,422.598
Ar,10,479.76
Ar,11,540.43
Ar,12,618.95
Ar,13,685.47
Ar,14,755.13
Ar,15,855.47
Ar,16,918.374
Ar,17,4120.6655
Ar,18,4426.2227
K,1,4.34066354
K,2,31.625
K,3,45.8031
K,4,60.917
K,5,82.66
K,6,99.4
K,7,117.56
K,8,154.87
K,9,175.8174
K,10,503.67
K,11,565.6
K,12,631
K,13,714.71
K,14,786.26
K,15,860.92
K,16,967.66
K,17,1034.541
K,18,4610.86998
K,19,4934.0482
Ca,1,6.1131552
Ca,2,11.871718
Ca,3,50.91315
Ca,4,67.2732
Ca,5,84.338
Ca,6,108.78
Ca,7,127.2
Ca,8,147.24
Ca,9,188.535
Ca,10,211.2751
Ca,11,591.6
Ca,12,658.24
Ca,13,728.6
Ca,14,817.22
Ca,15,893.98
Ca,16,973.7
Ca,17,1086.8
Ca,18,1157.726
Ca,19,5128.8576
Ca,20,5469.8614
Sc,1,6.56149
Sc,2,12.79977
Sc,3,24.756838
Sc,4,73.4894
Sc,5,91.949
Sc,6,110.68
Sc,7,138
Sc,8,158.1
Sc,9,180
Sc,10,225.18
Sc,11,249.798
Sc,12,687.36
Sc,13,757.7
Sc,14,833
Sc,15,926.48
Sc,16,1008.62
Sc,17,1093.48
Sc,18,1213.1
Sc,19,1287.956
Sc,20,5674.9034
Sc,21,6033.754
Ti,1,6.82812
Ti,2,13.5755
Ti,3,27.49171
Ti,4,43.26717
Ti,5,99.3
Ti,6,119.53
Ti,7,140.68
Ti,8,170.47
Ti,9,192.1
Ti,10,215.92
Ti,11,265.07
Ti,12,291.5004
Ti,13,787.7
Ti,14,864
Ti,15,944.5
Ti,16,1042.48
Ti,17,1130.2
Ti,18,1220.3
Ti,19,1346.33
Ti,20,1425.257
Ti,21,6249.0223
Ti,22,6625.807
V,1,6.746187
V,2,14.62
V,3,29.311
V,4,46.709
V,5,65.28165
V,6,128.13
V,7,150.72
V,8,173.55
V,9,205.96
V,10,230.5
V,11,254.8
V,12,308.5
V,13,336.274
V,14,896
V,15,977.2
V,16,1062.9
V,17,1165.2
V,18,1258.86
V,19,1354.17
V,20,1486.67
V,21,1569.656
V,22,6851.3106
V,23,7246.122
Cr,1,6.76651
Cr,2,16.486305
Cr,3,30.96
Cr,4,49.16
Cr,5,69.46
Cr,6,90.635
Cr,7,160.29
Cr,8,184.76
Cr,9,209.54
Cr,10,244.52
Cr,11,270.8
Cr,12,296.74
Cr,13,354.66
Cr,14,384.163
Cr,15,1011.62
Cr,16,1097.2
Cr,17,1188
Cr,18,1294.8
Cr,19,1394.5
Cr,20,1495.1
Cr,21,1634
Cr,22,1721.183
Cr,23,7481.8625
Cr,24,7894.799
Mn,1,7.434018
Mn,2,15.63999
Mn,3,33.668
Mn,4,51.2
Mn,5,72.4
Mn,6,95.6
Mn,7,119.203
Mn,8,195.47
Mn,9,221.89
Mn,10,248.64
Mn,11,286.14
Mn,12,314.4
Mn,13,343.6
Mn,14,403
Mn,15,435.17
Mn,16,1133.72
Mn,17,1224.1
Mn,18,1320.3
Mn,19,1430.9
Mn,20,1537.22
Mn,21,1643.21
Mn,22,1788.7
Mn,23,1879.87
Mn,24,8140.7869
Mn,25,8571.948
Fe,1,7.9024678
Fe,2,16.1992
Fe,3,30.651
Fe,4,54.91
Fe,5,75
Fe,6,98.985
Fe,7,125
Fe,8,151.06
Fe,9,233.6
Fe,10,262.1
Fe,11,290.9
Fe,12,330.81
Fe,13,361
Fe,14,392.2
Fe,15,456.2
Fe,16,489.312
Fe,17,1262.7
Fe,18,1357.8
Fe,19,1460
Fe,20,1575.6
Fe,21,1687
Fe,22,1798.43
Fe,23,1950.4
Fe,24,2045.759
Fe,25,8828.1875
Fe,26,9277.681
Co,1,7.88101
Co,2,17.0844
Co,3,33.5
Co,4,51.27
Co,5,79.5
Co,6,102
Co,7,129
Co,8,157.8
Co,9,186.14
Co,10,275.4
Co,11,305.32
Co,12,336.15
Co,13,378.55
Co,14,410
Co,15,441.1
Co,16,511.96
Co,17,546.588
Co,18,1397.2
Co,19,1504.5
Co,20,1606
Co,21,1724
Co,22,1844
Co,23,1960.83
Co,24,2119.4
Co,25,2218.876
Co,26,9544.183
Co,27,10012.122
Ni,1,7.639877
Ni,2,18.168837
Ni,3,35.19
Ni,4,54.9
Ni,5,76.06
Ni,6,108
Ni,7,132
Ni,8,162
Ni,9,193.2
Ni,10,224.7
Ni,11,319.53
Ni,12,351.63
Ni,13,384.55
Ni,14,429.32
Ni,15,462.8
Ni,16,495.4
Ni,17,571.1
Ni,18,607.02
Ni,19,1541.05
Ni,20,1646
Ni,21,1758
Ni,22,1880
Ni,23,2008.1
Ni,24,2130.46
Ni,25,2295.6
Ni,26,2399.259
Ni,27,10288.8858
Ni,28,10775.386
Cu,1,7.72638
Cu,2,20.29239
Cu,3,36.841
Cu,4,57.38
Cu,5,79.8
Cu,6,103
Cu,7,139
Cu,8,166
Cu,9,198
Cu,10,232.2
Cu,11,265
Cu,12,367.03
Cu,13,400.98
Cu,14,436.04
Cu,15,483.13
Cu,16,518.7
Cu,17,552.8
Cu,18,632.48
Cu,19,670.608
Cu,20,1690.5
Cu,21,1800
Cu,22,1918
Cu,23,2044
Cu,24,2179.4
Cu,25,2307
Cu,26,2479.1
Cu,27,2586.954
Cu,28,11062.4309
Cu,29,11567.612
Zn,1,9.394199
Zn,2,17.96439
Zn,3,39.723
Zn,4,59.573
Zn,5,82.6
Zn,6,108
Zn,7,134
Zn,8,173.9
Zn,9,203
Zn,10,238
Zn,11,274.4
Zn,12,310.8
Zn,13,417.6
Zn,14,453.37
Zn,15,490.63
Zn,16,540
Zn,17,577.8
Zn,18,613.3
Zn,19,697.51
Zn,20,737.366
Zn,21,1846.8
Zn,22,1961
Zn,23,2085
Zn,24,2214
Zn,25,2358
Zn,26,2491.5
Zn,27,2669.9
Zn,28,2781.996
Zn,29,11864.9394
Zn,30,12388.928
Ga,1,5.9993018
Ga,2,20.51514
Ga,3,30.726
Ga,4,63.241
Ga,5,86.01
Ga,6,112.7
Ga,7,140.8
Ga,8,170
Ga,9,211
Ga,10,244
Ga,11,280
Ga,12,319
Ga,13,356
Ga,14,471.2
Ga,15,508.82
Ga,16,548.31
Ga,17,599.8
Ga,18,640
Ga,19,677
Ga,20,765.7
Ga,21,807.308
Ga,22,2010
Ga,23,2129
Ga,24,2258
Ga,25,2391
Ga,26,2543.9
Ga,27,2683
Ga,28,2868
Ga,29,2984.426
Ga,30,12696.5569
Ga,31,13239.488
Ge,1,7.899435
Ge,2,15.93461
Ge,3,34.0576
Ge,4,45.715
Ge,5,90.5
Ge,6,115.9
Ge,7,144.9
Ge,8,176.4
Ge,9,212.5
Ge,10,252.1
Ge,11,286
Ge,12,326
Ge,13,367
Ge,14,407
Ge,15,527.9
Ge,16,567.29
Ge,17,609.06
Ge,18,662.8
Ge,19,710
Ge,20,744
Ge,21,837.1
Ge,22,880.444
Ge,23,2180.1
Ge,24,2304
Ge,25,2439
Ge,26,2575
Ge,27,2737.2
Ge,28,2881.9
Ge,29,3074
Ge,30,3194.293
Ge,31,13557.4202
Ge,32,14119.429
As,1,9.789
As,2,18.5892
As,3,28.349
As,4,50.15
As,5,62.767
As,6,121.19
As,7,147
As,8,180
As,9,213
As,10,247
As,11,296
As,12,333
As,13,375
As,14,418
As,15,460
As,16,587.6
As,17,628.82
As,18,672.9
As,19,728.9
As,20,774
As,21,814
As,22,911.7
As,23,956.791
As,24,2357
As,25,2486
As,26,2626
As,27,2766
As,28,2938
As,29,3088.1
As,30,3287
As,31,3411.643
As,32,14447.6778
As,33,15028.906
Se,1,9.752392
Se,2,21.196
Se,3,31.697
Se,4,42.947
Se,5,68.3
Se,6,81.827
Se,7,155.33
Se,8,184
Se,9,219
Se,10,255
Se,11,291
Se,12,342.9
Se,13,383
Se,14,426
Se,15,473
Se,16,517
Se,17,650.5
Se,18,693.38
Se,19,739.8
Se,20,798
Se,21,845.8
Se,22,887
Se,23,989.6
Se,24,1036.362
Se,25,2540.7
Se,26,2674
Se,27,2820
Se,28,2964
Se,29,3146
Se,30,3301.8
Se,31,3507
Se,32,3636.526
Se,33,15367.4907
Se,34,15968.083
Br,1,11.81381
Br,2,21.591
Br,3,35
Br,4,47.78
Br,5,59.595
Br,6,85.1
Br,7,103
Br,8,192.61
Br,9,224
Br,10,261
Br,11,301
Br,12,338
Br,13,393
Br,14,436
Br,15,481
Br,16,530
Br,17,577
Br,18,716.3
Br,19,760.99
Br,20,809.8
Br,21,870
Br,22,920.8
Br,23,963
Br,24,1070.6
Br,25,1119.169
Br,26,2731
Br,27,2870
Br,28,3020
Br,29,3169
Br,30,3361
Br,31,3523.1
Br,32,3735
Br,33,3868.986
Br,34,16317.01
Br,35,16937.126
Kr,1,13.9996049
Kr,2,24.35984
Kr,3,35.67
Kr,4,50.85
Kr,5,64.69
Kr,6,78.49
Kr,7,109.13
Kr,8,125.8024
Kr,9,233
Kr,10,268
Kr,11,308
Kr,12,350
Kr,13,391
Kr,14,446
Kr,15,492
Kr,16,540
Kr,17,591
Kr,18,640
Kr,19,785
Kr,20,831.64
Kr,21,882.8
Kr,22,945
Kr,23,999
Kr,24,1042
Kr,25,1155
Kr,26,1205.233
Kr,27,2928.9
Kr,28,3072
Kr,29,3228
Kr,30,3380
Kr,31,3584
Kr,32,3752
Kr,33,3971
Kr,34,4109.083
Kr,35,17296.42
Kr,36,17936.208
Rb,1,4.177128
Rb,2,27.28954
Rb,3,39.247
Rb,4,52.2
Rb,5,68.4
Rb,6,82.9
Rb,7,98.67
Rb,8,132.8
Rb,9,150.63
Rb,10,277.12
Rb,11,313.1
Rb,12,356
Rb,13,400
Rb,14,443
Rb,15,502
Rb,16,550
Rb,17,601
Rb,18,654
Rb,19,706
Rb,20,857
Rb,21,905.3
Rb,22,958.9
Rb,23,1024
Rb,24,1080
Rb,25,1125
Rb,26,1242.5
Rb,27,1294.567
Rb,28,3133.3
Rb,29,3281
Rb,30,3442
Rb,31,3600
Rb,32,3815
Rb,33,3988
Rb,34,4214
Rb,35,4356.865
Rb,36,18305.883
Rb,37,18965.51
Sr,1,5.6948672
Sr,2,11.030276
Sr,3,42.88353
Sr,4,56.28
Sr,5,71
Sr,6,88
Sr,7,104
Sr,8,121.21
Sr,9,158.3
Sr,10,177
Sr,11,324.07
Sr,12,362
Sr,13,408
Sr,14,454
Sr,15,499
Sr,16,562
Sr,17,612
Sr,18,665
Sr,19,722
Sr,20,774
Sr,21,932
Sr,22,982.1
Sr,23,1038
Sr,24,1105
Sr,25,1165
Sr,26,1211
Sr,27,1333.4
Sr,28,1387.19
Sr,29,3344.7
Sr,30,3497
Sr,31,3664
Sr,32,3830
Sr,33,4053
Sr,34,4232
Sr,35,4465
Sr,36,4612.397
Sr,37,19345.587
Sr,38,20025.23
Y,1,6.21726
Y,2,12.224
Y,3,20.52441
Y,4,60.607
Y,5,74.97
Y,6,91.39
Y,7,110.02
Y,8,127
Y,9,145.64
Y,10,185.7
Y,11,206
Y,12,374.04
Y,13,414
Y,14,463
Y,15,512
Y,16,559
Y,17,624
Y,18,677
Y,19,733
Y,20,790
Y,21,847
Y,22,1010
Y,23,1061.9
Y,24,1120.2
Y,25,1190
Y,26,1253
Y,27,1300
Y,28,1427.6
Y,29,1483.118
Y,30,3562.9
Y,31,3720
Y,32,3892
Y,33,4060
Y,34,4299
Y,35,4484
Y,36,4724
Y,37,4875.73
Y,38,20415.716
Y,39,21115.55
Zr,1,6.6339
Zr,2,13.13
Zr,3,23.17
Zr,4,34.41836
Zr,5,80.348
Zr,6,96.27
Zr,7,112
Zr,8,133.7
Zr,9,153
Zr,10,172.02
Zr,11,214.9
Zr,12,236.25
Zr,13,426
Zr,14,470
Zr,15,520
Zr,16,573
Zr,17,622
Zr,18,690
Zr,19,745
Zr,20,803
Zr,21,863
Zr,22,922
Zr,23,1092
Zr,24,1144.7
Zr,25,1205.4
Zr,26,1277
Zr,27,1344
Zr,28,1392
Zr,29,1525.1
Zr,30,1582.371
Zr,31,3788
Zr,32,3950
Zr,33,4127
Zr,34,4300
Zr,35,4553
Zr,36,4744
Zr,37,4991
Zr,38,5146.935
Zr,39,21516.469
Zr,40,22236.68
Nb,1,6.75885
Nb,2,14.32
Nb,3,25
Nb,4,37.611
Nb,5,50.5728
Nb,6,102.069
Nb,7,119.14
Nb,8,136
Nb,9,159.2
Nb,10,180
Nb,11,200.28
Nb,12,246.1
Nb,13,268.59
Nb,14,482.5
Nb,15,530
Nb,16,581
Nb,17,636
Nb,18,688
Nb,19,758
Nb,20,816
Nb,21,877
Nb,22,940
Nb,23,1000
Nb,24,1176
Nb,25,1230.6
Nb,26,1293.7
Nb,27,1368
Nb,28,1439
Nb,29,1500
Nb,30,1625.9
Nb,31,1684.969
Nb,32,4020.1
Nb,33,4187
Nb,34,4369
Nb,35,4540
Nb,36,4815
Nb,37,5011
Nb,38,5265
Nb,39,5426.065
Nb,40,22648.045
Nb,41,23388.8
Mo,1,7.09243
Mo,2,16.16
Mo,3,27.13
Mo,4,40.33
Mo,5,54.485
Mo,6,68.82704
Mo,7,125.638
Mo,8,143.6
Mo,9,164.12
Mo,10,186.3
Mo,11,209.3
Mo,12,230.28
Mo,13,279.1
Mo,14,302.6
Mo,15,544
Mo,16,591
Mo,17,646
Mo,18,702
Mo,19,758
Mo,20,829
Mo,21,890
Mo,22,953
Mo,23,1019
Mo,24,1082
Mo,25,1263
Mo,26,1319.6
Mo,27,1385.1
Mo,28,1462
Mo,29,1537
Mo,30,1587
Mo,31,1730.1
Mo,32,1790.932
Mo,33,4259
Mo,34,4430
Mo,35,4618
Mo,36,4800
Mo,37,5084
Mo,38,5287
Mo,39,5548
Mo,40,5713.194
Mo,41,23810.653
Mo,42,24572.15
Tc,1,7.119381
Tc,2,15.26
Tc,3,29.55
Tc,4,41
Tc,5,57
Tc,6,72
Tc,7,88
Tc,8,150
Tc,9,169
Tc,10,189.9
Tc,11,214
Tc,12,239
Tc,13,262.08
Tc,14,311
Tc,15,338.55
Tc,16,604
Tc,17,655
Tc,18,713
Tc,19,773
Tc,20,829
Tc,21,904
Tc,22,968
Tc,23,1032
Tc,24,1102
Tc,25,1166
Tc,26,1354
Tc,27,1411.6
Tc,28,1479.5
Tc,29,1559
Tc,30,1638
Tc,31,1689
Tc,32,1838
Tc,33,1900.28
Tc,34,4505
Tc,35,4681
Tc,36,4874
Tc,37,5060
Tc,38,5361
Tc,39,5570
Tc,40,5838
Tc,41,6008.391
Tc,42,25004.532
Tc,43,25786.99
Ru,1,7.3605
Ru,2,16.76
Ru,3,28.47
Ru,4,45
Ru,5,59
Ru,6,76
Ru,7,93
Ru,8,110
Ru,9,178.4
Ru,10,198
Ru,11,219.9
Ru,12,245
Ru,13,271
Ru,14,295.9
Ru,15,348
Ru,16,376.25
Ru,17,670
Ru,18,723
Ru,19,784
Ru,20,845
Ru,21,905
Ru,22,981
Ru,23,1048
Ru,24,1115
Ru,25,1187
Ru,26,1253
Ru,27,1447
Ru,28,1506.7
Ru,29,1577
Ru,30,1659
Ru,31,1743
Ru,32,1794
Ru,33,1949
Ru,34,2013.037
Ru,35,4758
Ru,36,4939
Ru,37,5136
Ru,38,5330
Ru,39,5647
Ru,40,5862
Ru,41,6137
Ru,42,6311.72
Ru,43,26229.894
Ru,44,27033.5
Rh,1,7.4589
Rh,2,18.08
Rh,3,31.06
Rh,4,42
Rh,5,63
Rh,6,80
Rh,7,97
Rh,8,115.1
Rh,9,135
Rh,10,207.51
Rh,11,228
Rh,12,252.1
Rh,13,277
Rh,14,306
Rh,15,331.58
Rh,16,389
Rh,17,416
Rh,18,739
Rh,19,794
Rh,20,857
Rh,21,921
Rh,22,984
Rh,23,1061
Rh,24,1131
Rh,25,1202
Rh,26,1274
Rh,27,1344
Rh,28,1544
Rh,29,1604.9
Rh,30,1677.6
Rh,31,1763
Rh,32,1851
Rh,33,1903
Rh,34,2063
Rh,35,2129.224
Rh,36,5018
Rh,37,5203
Rh,38,5406
Rh,39,5600
Rh,40,5940
Rh,41,6161
Rh,42,6444
Rh,43,6623.262
Rh,44,27486.982
Rh,45,28311.96
Pd,1,8.33686
Pd,2,19.43
Pd,3,32.93
Pd,4,46
Pd,5,61
Pd,6,84.1
Pd,7,101
Pd,8,120
Pd,9,141
Pd,10,160
Pd,11,238.57
Pd,12,260
Pd,13,286
Pd,14,311
Pd,15,342
Pd,16,369.1
Pd,17,427
Pd,18,458
Pd,19,810
Pd,20,869
Pd,21,933
Pd,22,1000
Pd,23,1065
Pd,24,1145
Pd,25,1218
Pd,26,1290
Pd,27,1366
Pd,28,1438
Pd,29,1644
Pd,30,1706.2
Pd,31,1781.3
Pd,32,1869
Pd,33,1962
Pd,34,2016
Pd,35,2181
Pd,36,2248.867
Pd,37,5284
Pd,38,5475
Pd,39,5683
Pd,40,5880
Pd,41,6242
Pd,42,6469
Pd,43,6759
Pd,44,6943.096
Pd,45,28776.033
Pd,46,29622.6
Ag,1,7.576234
Ag,2,21.4844
Ag,3,34.83
Ag,4,49
Ag,5,65
Ag,6,82
Ag,7,106
Ag,8,125
Ag,9,145
Ag,10,167
Ag,11,188
Ag,12,271.46
Ag,13,294
Ag,14,321
Ag,15,347
Ag,16,381
Ag,17,408.43
Ag,18,469
Ag,19,500.87
Ag,20,885
Ag,21,946
Ag,22,1013
Ag,23,1082
Ag,24,1149
Ag,25,1231
Ag,26,1308
Ag,27,1382
Ag,28,1460
Ag,29,1535
Ag,30,1747
Ag,31,1810.5
Ag,32,1888
Ag,33,1979
Ag,34,2077
Ag,35,2131
Ag,36,2302
Ag,37,2371.989
Ag,38,5558
Ag,39,5753
Ag,40,5966
Ag,41,6170
Ag,42,6551
Ag,43,6784
Ag,44,7082
Ag,45,7271.297
Ag,46,30097.317
Ag,47,30965.7
Cd,1,8.993822
Cd,2,16.908312
Cd,3,37.47
Cd,4,51
Cd,5,67.9
Cd,6,87
Cd,7,105
Cd,8,130.1
Cd,9,150
Cd,10,173
Cd,11,195
Cd,12,218
Cd,13,305
Cd,14,329
Cd,15,358
Cd,16,385
Cd,17,421
Cd,18,452.55
Cd,19,513
Cd,20,546.19
Cd,21,963
Cd,22,1026
Cd,23,1095
Cd,24,1167
Cd,25,1237
Cd,26,1320
Cd,27,1400
Cd,28,1477
Cd,29,1558
Cd,30,1635
Cd,31,1852
Cd,32,1917.9
Cd,33,1997.9
Cd,34,2091
Cd,35,2195
Cd,36,2250
Cd,37,2427
Cd,38,2498.615
Cd,39,5839
Cd,40,6039
Cd,41,6257
Cd,42,6460
Cd,43,6870
Cd,44,7109
Cd,45,7414
Cd,46,7607.945
Cd,47,31451.06
Cd,48,32341.49
In,1,5.7863552
In,2,18.870407
In,3,28.04415
In,4,55.45
In,5,69.3
In,6,90
In,7,109
In,8,130.1
In,9,156
In,10,178
In,11,201
In,12,226
In,13,249
In,14,341
In,15,368
In,16,396
In,17,425
In,18,462
In,19,497.11
In,20,560
In,21,593.38
In,22,1043
In,23,1109
In,24,1181
In,25,1255
In,26,1328
In,27,1413
In,28,1496
In,29,1575
In,30,1659
In,31,1738
In,32,1961
In,33,2028.5
In,34,2111
In,35,2207
In,36,2317
In,37,2373
In,38,2555
In,39,2628.774
In,40,6126
In,41,6331
In,42,6554
In,43,6770
In,44,7196
In,45,7442
In,46,7754
In,47,7953.137
In,48,32837.59
In,49,33750.31
Sn,1,7.343917
Sn,2,14.63224
Sn,3,30.50259
Sn,4,40.735
Sn,5,77.03
Sn,6,94
Sn,7,112.9
Sn,8,135
Sn,9,156
Sn,10,184
Sn,11,208
Sn,12,232
Sn,13,258
Sn,14,282
Sn,15,379
Sn,16,407
Sn,17,437
Sn,18,466
Sn,19,506
Sn,20,537
Sn,21,608
Sn,22,642.35
Sn,23,1127
Sn,24,1195
Sn,25,1269
Sn,26,1347
Sn,27,1421
Sn,28,1508
Sn,29,1596
Sn,30,1676
Sn,31,1763
Sn,32,1844
Sn,33,2074
Sn,34,2142.1
Sn,35,2227
Sn,36,2326
Sn,37,2443
Sn,38,2499
Sn,39,2687
Sn,40,2762.5
Sn,41,6421
Sn,42,6631
Sn,43,6859
Sn,44,7080
Sn,45,7531
Sn,46,7790
Sn,47,8103
Sn,48,8306.95
Sn,49,34257.141
Sn,50,35192.39
Sb,1,8.608389
Sb,2,16.63
Sb,3,25.3235
Sb,4,43.8
Sb,5,55
Sb,6,99.51
Sb,7,117
Sb,8,139
Sb,9,162
Sb,10,185
Sb,11,214
Sb,12,238
Sb,13,265
Sb,14,292
Sb,15,317
Sb,16,420
Sb,17,447
Sb,18,479
Sb,19,510
Sb,20,552
Sb,21,584
Sb,22,657
Sb,23,693.26
Sb,24,1214
Sb,25,1285
Sb,26,1360
Sb,27,1441
Sb,28,1518
Sb,29,1606
Sb,30,1698
Sb,31,1781
Sb,32,1869
Sb,33,1954
Sb,34,2190
Sb,35,2266
Sb,36,2349
Sb,37,2428
Sb,38,2567
Sb,39,2654
Sb,40,2815
Sb,41,2900
Sb,42,6714
Sb,43,6929
Sb,44,7167
Sb,45,7390
Sb,46,7887
Sb,47,8140
Sb,48,8455
Sb,49,8669.48
Sb,50,35710.03
Sb,51,36668.05
Te,1,9.00966
Te,2,19
Te,3,27.838
Te,4,37.4155
Te,5,59.25
Te,6,69.1
Te,7,124.201
Te,8,143
Te,9,167
Te,10,191.1
Te,11,215
Te,12,245
Te,13,272
Te,14,299
Te,15,328
Te,16,354
Te,17,461
Te,18,491
Te,19,522
Te,20,555
Te,21,599
Te,22,633
Te,23,709
Te,24,746.12
Te,25,1304
Te,26,1377
Te,27,1455
Te,28,1538
Te,29,1618
Te,30,1707
Te,31,1803
Te,32,1889
Te,33,1979
Te,34,2066
Te,35,2309
Te,36,2386
Te,37,2472
Te,38,2552
Te,39,2700
Te,40,2788
Te,41,2954
Te,42,3041
Te,43,7022
Te,44,7243
Te,45,7485
Te,46,7714
Te,47,8240
Te,48,8499
Te,49,8821
Te,50,9040.83
Te,51,37196.52
Te,52,38177.56
I,1,10.45126
I,2,19.13126
I,3,29.57
I,4,40.36
I,5,51.517
I,6,74.37
I,7,87.61
I,8,150.81
I,9,171
I,10,197
I,11,220.9
I,12,247
I,13,279
I,14,307
I,15,335
I,16,365
I,17,393
I,18,505
I,19,535
I,20,569
I,21,601
I,22,649
I,23,683
I,24,762
I,25,800.76
I,26,1397
I,27,1472
I,28,1553
I,29,1639
I,30,1720
I,31,1812
I,32,1911
I,33,1999
I,34,2093
I,35,2181
I,36,2431
I,37,2510
I,38,2598
I,39,2680
I,40,2836
I,41,2930
I,42,3096
I,43,3185.5
I,44,7337
I,45,7600
I,46,7800
I,47,8044
I,48,8601
I,49,8867
I,50,9196
I,51,9421.1
I,52,38716.994
I,53,39721.41
Xe,1,12.1298431
Xe,2,20.975
Xe,3,31.05
Xe,4,42.2
Xe,5,54.14
Xe,6,66.703
Xe,7,91.6
Xe,8,105.9778
Xe,9,179.84
Xe,10,202
Xe,11,229.02
Xe,12,255
Xe,13,281
Xe,14,314
Xe,15,343
Xe,16,374
Xe,17,404
Xe,18,430
Xe,19,549
Xe,20,582
Xe,21,616
Xe,22,650
Xe,23,700
Xe,24,736
Xe,25,818
Xe,26,857.03
Xe,27,1493
Xe,28,1571
Xe,29,1653
Xe,30,1742
Xe,31,1826
Xe,32,1919
Xe,33,2023
Xe,34,2113
Xe,35,2209
Xe,36,2300
Xe,37,2556
Xe,38,2637
Xe,39,2726
Xe,40,2811
Xe,41,2975
Xe,42,3068
Xe,43,3243
Xe,44,3333.8
Xe,45,7660
Xe,46,7889
Xe,47,8144
Xe,48,8382
Xe,49,8971
Xe,50,9243
Xe,51,9581
Xe,52,9810.4
Xe,53,40271.722
Xe,54,41299.71
Cs,1,3.893905548
Cs,2,23.15745
Cs,3,33.195
Cs,4,43
Cs,5,56
Cs,6,69.1
Cs,7,82.9
Cs,8,110.09
Cs,9,125.61
Cs,10,213.3
Cs,11,233
Cs,12,261
Cs,13,289
Cs,14,316
Cs,15,352
Cs,16,382
Cs,17,413
Cs,18,445
Cs,19,476
Cs,20,597
Cs,21,629
Cs,22,666
Cs,23,700
Cs,24,753
Cs,25,791
Cs,26,875
Cs,27,916.07
Cs,28,1592
Cs,29,1672
Cs,30,1757
Cs,31,1848
Cs,32,1936
Cs,33,2029
Cs,34,2137
Cs,35,2230
Cs,36,2329
Cs,37,2422
Cs,38,2683
Cs,39,2767
Cs,40,2859
Cs,41,2945
Cs,42,3118
Cs,43,3214
Cs,44,3392
Cs,45,3485
Cs,46,7989
Cs,47,8224
Cs,48,8484
Cs,49,8726
Cs,50,9350
Cs,51,9629
Cs,52,9974
Cs,53,10208.78
Cs,54,41861.073
Cs,55,42912.99
Ba,1,5.211664
Ba,2,10.003826
Ba,3,35.84
Ba,4,47.03
Ba,5,58
Ba,6,71
Ba,7,86
Ba,8,101
Ba,9,130.53
Ba,10,146.52
Ba,11,241
Ba,12,267.1
Ba,13,296
Ba,14,325
Ba,15,354
Ba,16,390
Ba,17,422
Ba,18,455
Ba,19,488
Ba,20,520
Ba,21,646
Ba,22,679
Ba,23,717
Ba,24,752
Ba,25,809
Ba,26,846
Ba,27,935
Ba,28,976.6
Ba,29,1695
Ba,30,1776
Ba,31,1864
Ba,32,1958
Ba,33,2047
Ba,34,2142
Ba,35,2256
Ba,36,2349
Ba,37,2452
Ba,38,2547
Ba,39,2814
Ba,40,2901
Ba,41,2994
Ba,42,3081
Ba,43,3266
Ba,44,3363
Ba,45,3550
Ba,46,3640
Ba,47,8326
Ba,48,8565
Ba,49,8831
Ba,50,9077
Ba,51,9739
Ba,52,10023
Ba,53,10376
Ba,54,10616.42
Ba,55,43485.364
Ba,56,44561.47
La,1,5.5769
La,2,11.18492
La,3,19.1773
La,4,49.95
La,5,61.6
La,6,74
La,7,88
La,8,105
La,9,119
La,10,151.42
La,11,168.77
La,12,275
La,13,303
La,14,332
La,15,364
La,16,393
La,17,431
La,18,464
La,19,498
La,20,533
La,21,566
La,22,696
La,23,731
La,24,770
La,25,806
La,26,865
La,27,906
La,28,995
La,29,1039.09
La,30,1800
La,31,1884
La,32,1974
La,33,2069
La,34,2162
La,35,2259
La,36,2377
La,37,2473
La,38,2577
La,39,2674
La,40,2950
La,41,3036
La,42,3133
La,43,3222
La,44,3416
La,45,3515
La,46,3704
La,47,3800
La,48,8669
La,49,8914
La,50,9184
La,51,9437
La,52,10136
La,53,10426
La,54,10789
La,55,11033.4
La,56,45144.994
La,57,46245.6
Ce,1,5.5386
Ce,2,10.85
Ce,3,20.1974
Ce,4,36.906
Ce,5,65.55
Ce,6,77.6
Ce,7,91
Ce,8,106
Ce,9,125
Ce,10,140
Ce,11,172
Ce,12,192.24
Ce,13,312
Ce,14,340
Ce,15,371
Ce,16,403
Ce,17,435
Ce,18,472
Ce,19,509
Ce,20,543
Ce,21,579
Ce,22,613
Ce,23,749
Ce,24,785
Ce,25,824
Ce,26,862
Ce,27,924
Ce,28,965
Ce,29,1060
Ce,30,1103.53
Ce,31,1908
Ce,32,1994
Ce,33,2087
Ce,34,2185
Ce,35,2280
Ce,36,2378
Ce,37,2500
Ce,38,2600
Ce,39,2706
Ce,40,2806
Ce,41,3087
Ce,42,3176
Ce,43,3274
Ce,44,3366
Ce,45,3570
Ce,46,3672
Ce,47,3865
Ce,48,3963
Ce,49,9020
Ce,50,9269
Ce,51,9545
Ce,52,9803
Ce,53,10542
Ce,54,10840
Ce,55,11210
Ce,56,11459.85
Ce,57,46840.304
Ce,58,47965.72
Pr,1,5.473
Pr,2,10.55
Pr,3,21.6237
Pr,4,38.98
Pr,5,57.5
Pr,6,82
Pr,7,97
Pr,8,112
Pr,9,131
Pr,10,148
Pr,11,162
Pr,12,196
Pr,13,217.02
Pr,14,350
Pr,15,378
Pr,16,412
Pr,17,445
Pr,18,478
Pr,19,516
Pr,20,554
Pr,21,590
Pr,22,627
Pr,23,663
Pr,24,803
Pr,25,840
Pr,26,880
Pr,27,920
Pr,28,985
Pr,29,1028
Pr,30,1124
Pr,31,1169.94
Pr,32,2019
Pr,33,2108
Pr,34,2202
Pr,35,2304
Pr,36,2400
Pr,37,2501
Pr,38,2628
Pr,39,2729
Pr,40,2838
Pr,41,2941
Pr,42,3227
Pr,43,3319
Pr,44,3419
Pr,45,3512
Pr,46,3729
Pr,47,3832
Pr,48,4030
Pr,49,4130
Pr,50,9378
Pr,51,9632
Pr,52,9913
Pr,53,10175
Pr,54,10959
Pr,55,11262
Pr,56,11641
Pr,57,11895.89
Pr,58,48571.71
Pr,59,49722.2
Nd,1,5.525
Nd,2,10.72
Nd,3,22.14
Nd,4,40.4
Nd,5,60
Nd,6,84
Nd,7,99
Nd,8,114
Nd,9,136
Nd,10,152
Nd,11,168
Nd,12,195
Nd,13,221
Nd,14,243
Nd,15,389
Nd,16,420
Nd,17,453
Nd,18,489
Nd,19,522
Nd,20,562
Nd,21,602
Nd,22,638
Nd,23,678
Nd,24,714
Nd,25,859
Nd,26,896
Nd,27,939
Nd,28,978
Nd,29,1049
Nd,30,1092
Nd,31,1191
Nd,32,1238.42
Nd,33,2134
Nd,34,2224
Nd,35,2321
Nd,36,2425
Nd,37,2525
Nd,38,2627
Nd,39,2758
Nd,40,2861
Nd,41,2974
Nd,42,3078
Nd,43,3371
Nd,44,3465
Nd,45,3567
Nd,46,3662
Nd,47,3891
Nd,48,3997
Nd,49,4198
Nd,50,4302
Nd,51,9742
Nd,52,10002
Nd,53,10288
Nd,54,10555
Nd,55,11384
Nd,56,11694
Nd,57,12082
Nd,58,12341.66
Nd,59,50339.587
Nd,60,51515.58
Pm,1,5.582
Pm,2,10.9
Pm,3,22
Pm,4,41
Pm,5,61.69
Pm,6,85
Pm,7,101
Pm,8,116
Pm,9,138
Pm,10,155
Pm,11,174
Pm,12,202
Pm,13,229
Pm,14,200
Pm,15,269
Pm,16,430
Pm,17,462
Pm,18,497
Pm,19,534
Pm,20,569
Pm,21,609
Pm,22,651
Pm,23,689
Pm,24,730
Pm,25,767
Pm,26,916
Pm,27,956
Pm,28,998
Pm,29,1040
Pm,30,1113
Pm,31,1158
Pm,32,1261
Pm,33,1308.7
Pm,34,2251
Pm,35,2344
Pm,36,2443
Pm,37,2549
Pm,38,2652
Pm,39,2755
Pm,40,2892
Pm,41,2997
Pm,42,3110
Pm,43,3219
Pm,44,3519
Pm,45,3613
Pm,46,3718
Pm,47,3816
Pm,48,4056
Pm,49,4166
Pm,50,4371
Pm,51,4476
Pm,52,10115
Pm,53,10378
Pm,54,10671
Pm,55,10942
Pm,56,11819
Pm,57,12136
Pm,58,12532
Pm,59,12797.26
Pm,60,52144.29
Pm,61,53346.1
Sm,1,5.64371
Sm,2,11.07
Sm,3,23.4
Sm,4,41.4
Sm,5,62.66
Sm,6,90
Sm,7,103
Sm,8,118
Sm,9,141
Sm,10,158
Sm,11,179
Sm,12,208
Sm,13,237
Sm,14,257
Sm,15,276
Sm,16,306.5
Sm,17,474
Sm,18,506
Sm,19,543
Sm,20,581
Sm,21,617
Sm,22,658
Sm,23,702
Sm,24,742
Sm,25,782
Sm,26,822
Sm,27,976
Sm,28,1016
Sm,29,1060
Sm,30,1103
Sm,31,1180
Sm,32,1226
Sm,33,1332
Sm,34,1381.6
Sm,35,2371
Sm,36,2466
Sm,37,2569
Sm,38,2676
Sm,39,2782
Sm,40,2887
Sm,41,3028
Sm,42,3137
Sm,43,3253
Sm,44,3363
Sm,45,3669
Sm,46,3766
Sm,47,3873
Sm,48,3971
Sm,49,4227
Sm,50,4337
Sm,51,4548
Sm,52,4655
Sm,53,10494
Sm,54,10762
Sm,55,11060
Sm,56,11337
Sm,57,12264
Sm,58,12588
Sm,59,12992
Sm,60,13262.85
Sm,61,53986.11
Sm,62,55214.23
Eu,1,5.670385
Eu,2,11.241
Eu,3,24.9
Eu,4,42.7
Eu,5,63
Eu,6,88
Eu,7,105
Eu,8,120
Eu,9,144
Eu,10,161
Eu,11,183
Eu,12,213
Eu,13,243
Eu,14,263
Eu,15,281
Eu,16,311
Eu,17,344.4
Eu,18,518
Eu,19,553
Eu,20,590
Eu,21,630
Eu,22,667
Eu,23,709
Eu,24,755
Eu,25,795
Eu,26,838
Eu,27,879
Eu,28,1037
Eu,29,1078
Eu,30,1124
Eu,31,1167
Eu,32,1249
Eu,33,1296
Eu,34,1406
Eu,35,1456.06
Eu,36,2495
Eu,37,2591
Eu,38,2697
Eu,39,2807
Eu,40,2914
Eu,41,3022
Eu,42,3168
Eu,43,3279
Eu,44,3398
Eu,45,3510
Eu,46,3823
Eu,47,3921
Eu,48,4031
Eu,49,4131
Eu,50,4400
Eu,51,4510
Eu,52,4729
Eu,53,4838
Eu,54,10880
Eu,55,11153
Eu,56,11457
Eu,57,11739
Eu,58,12718
Eu,59,13050
Eu,60,13462
Eu,61,13738.58
Eu,62,55865.9
Eu,63,57120.6
Gd,1,6.149796
Gd,2,12.09
Gd,3,20.63
Gd,4,44
Gd,5,64.76
Gd,6,89
Gd,7,106
Gd,8,123
Gd,9,144
Gd,10,165
Gd,11,183
Gd,12,213
Gd,13,246
Gd,14,268
Gd,15,288
Gd,16,319
Gd,17,352
Gd,18,380
Gd,19,565
Gd,20,601
Gd,21,639
Gd,22,680
Gd,23,719
Gd,24,761
Gd,25,810
Gd,26,851
Gd,27,895
Gd,28,937
Gd,29,1100
Gd,30,1142
Gd,31,1189
Gd,32,1233
Gd,33,1321
Gd,34,1368
Gd,35,1481
Gd,36,1532.35
Gd,37,2621
Gd,38,2720
Gd,39,2827
Gd,40,2941
Gd,41,3050
Gd,42,3160
Gd,43,3312
Gd,44,3424
Gd,45,3550
Gd,46,3660
Gd,47,3980
Gd,48,4080
Gd,49,4191
Gd,50,4294
Gd,51,4578
Gd,52,4693
Gd,53,4914
Gd,54,5025
Gd,55,11273
Gd,56,11552
Gd,57,11861
Gd,58,12147
Gd,59,13183
Gd,60,13521
Gd,61,13943
Gd,62,14224.57
Gd,63,57783.9
Gd,64,59065.52
Tb,1,5.8638
Tb,2,11.52
Tb,3,21.91
Tb,4,39.36
Tb,5,66.5
Tb,6,90
Tb,7,108
Tb,8,125
Tb,9,143
Tb,10,168
Tb,11,186
Tb,12,216
Tb,13,250
Tb,14,270
Tb,15,294
Tb,16,325
Tb,17,358
Tb,18,393
Tb,19,426.6
Tb,20,613
Tb,21,651
Tb,22,690
Tb,23,732
Tb,24,772
Tb,25,816
Tb,26,866
Tb,27,909
Tb,28,954
Tb,29,997
Tb,30,1165
Tb,31,1208
Tb,32,1256
Tb,33,1301
Tb,34,1393
Tb,35,1443
Tb,36,1559
Tb,37,1610.38
Tb,38,2750
Tb,39,2852
Tb,40,2961
Tb,41,3078
Tb,42,3189
Tb,43,3300
Tb,44,3458
Tb,45,3573
Tb,46,3698
Tb,47,3814
Tb,48,4139
Tb,49,4242
Tb,50,4355
Tb,51,4460
Tb,52,4760
Tb,53,4877
Tb,54,5103
Tb,55,5217
Tb,56,11673
Tb,57,11957
Tb,58,12272
Tb,59,12563
Tb,60,13658
Tb,61,14003
Tb,62,14434
Tb,63,14721
Tb,64,59739.25
Tb,65,61049.64
Dy,1,5.93905
Dy,2,11.67
Dy,3,22.93
Dy,4,41.4
Dy,5,62.08
Dy,6,93
Dy,7,110
Dy,8,127
Dy,9,152
Dy,10,170
Dy,11,192
Dy,12,224
Dy,13,259
Dy,14,279
Dy,15,300
Dy,16,332
Dy,17,366
Dy,18,399
Dy,19,431
Dy,20,465
Dy,21,664
Dy,22,702
Dy,23,743
Dy,24,786
Dy,25,827
Dy,26,872
Dy,27,924
Dy,28,969
Dy,29,1014
Dy,30,1059
Dy,31,1232
Dy,32,1275
Dy,33,1325
Dy,34,1371
Dy,35,1468
Dy,36,1520
Dy,37,1638
Dy,38,1691.74
Dy,39,2882
Dy,40,2987
Dy,41,3098
Dy,42,3217
Dy,43,3331
Dy,44,3445
Dy,45,3607
Dy,46,3725
Dy,47,3852
Dy,48,3970
Dy,49,4303
Dy,50,4407
Dy,51,4523
Dy,52,4629
Dy,53,4945
Dy,54,5066
Dy,55,5296
Dy,56,5412
Dy,57,12081
Dy,58,12370
Dy,59,12690
Dy,60,12986
Dy,61,14144
Dy,62,14495
Dy,63,14936
Dy,64,15228.06
Dy,65,61736.55
Dy,66,63073.5
Ho,1,6.0215
Ho,2,11.8
Ho,3,22.84
Ho,4,42.5
Ho,5,63.93
Ho,6,95
Ho,7,112
Ho,8,129
Ho,9,155
Ho,10,174
Ho,11,196
Ho,12,229
Ho,13,263
Ho,14,284
Ho,15,305
Ho,16,340
Ho,17,373
Ho,18,408
Ho,19,441
Ho,20,475
Ho,21,510
Ho,22,715
Ho,23,755
Ho,24,797
Ho,25,842
Ho,26,885
Ho,27,929
Ho,28,985
Ho,29,1029
Ho,30,1077
Ho,31,1122
Ho,32,1300
Ho,33,1346
Ho,34,1395
Ho,35,1443
Ho,36,1545
Ho,37,1598
Ho,38,1719
Ho,39,1773.57
Ho,40,3018
Ho,41,3125
Ho,42,3238
Ho,43,3359
Ho,44,3476
Ho,45,3592
Ho,46,3760
Ho,47,3880
Ho,48,4009
Ho,49,4131
Ho,50,4469
Ho,51,4576
Ho,52,4693
Ho,53,4802
Ho,54,5135
Ho,55,5258
Ho,56,5494
Ho,57,5611
Ho,58,12495
Ho,59,12790
Ho,60,13116
Ho,61,13417
Ho,62,14639
Ho,63,14998
Ho,64,15448
Ho,65,15745.77
Ho,66,63772.42
Ho,67,65136.8
Er,1,6.1077
Er,2,11.93
Er,3,22.74
Er,4,42.7
Er,5,65.1
Er,6,96
Er,7,114
Er,8,131
Er,9,158
Er,10,177
Er,11,201
Er,12,235
Er,13,268
Er,14,290
Er,15,311
Er,16,345
Er,17,381
Er,18,415
Er,19,450
Er,20,486
Er,21,520
Er,22,555
Er,23,770
Er,24,810
Er,25,853
Er,26,899
Er,27,943
Er,28,989
Er,29,1046
Er,30,1092
Er,31,1142
Er,32,1188
Er,33,1370
Er,34,1416
Er,35,1468
Er,36,1516
Er,37,1625
Er,38,1678
Er,39,1803
Er,40,1859
Er,41,3157
Er,42,3265
Er,43,3381
Er,44,3505
Er,45,3624
Er,46,3742
Er,47,3916
Er,48,4038
Er,49,4170
Er,50,4294
Er,51,4639
Er,52,4748
Er,53,4866
Er,54,4978
Er,55,5329
Er,56,5455
Er,57,5695
Er,58,5815
Er,59,12918
Er,60,13217
Er,61,13548
Er,62,13855
Er,63,15146
Er,64,15511
Er,65,15971
Er,66,16274.56
Er,67,65848.24
Er,68,67241.85
Tm,1,6.18431
Tm,2,12.05
Tm,3,23.7
Tm,4,42.7
Tm,5,65.43
Tm,6,98
Tm,7,116
Tm,8,133
Tm,9,160
Tm,10,180
Tm,11,205
Tm,12,239
Tm,13,274
Tm,14,295
Tm,15,317
Tm,16,352
Tm,17,387
Tm,18,424
Tm,19,460
Tm,20,500
Tm,21,530
Tm,22,570
Tm,23,603
Tm,24,825
Tm,25,866
Tm,26,911
Tm,27,958
Tm,28,1004
Tm,29,1050
Tm,30,1110
Tm,31,1157
Tm,32,1207
Tm,33,1255
Tm,34,1442
Tm,35,1490
Tm,36,1542
Tm,37,1591
Tm,38,1706
Tm,39,1761
Tm,40,1889
Tm,41,1945.2
Tm,42,3300
Tm,43,3409
Tm,44,3528
Tm,45,3653
Tm,46,3775
Tm,47,3895
Tm,48,4075
Tm,49,4199
Tm,50,4335
Tm,51,4461
Tm,52,4812
Tm,53,4922
Tm,54,5044
Tm,55,5157
Tm,56,5527
Tm,57,5656
Tm,58,5901
Tm,59,6023
Tm,60,13347
Tm,61,13651
Tm,62,13988
Tm,63,14300
Tm,64,15663
Tm,65,16036
Tm,66,16500
Tm,67,16814.34
Tm,68,67965.26
Tm,69,69387.34
Yb,1,6.25416
Yb,2,12.179184
Yb,3,25.053
Yb,4,43.56
Yb,5,65.58
Yb,6,99
Yb,7,117
Yb,8,135
Yb,9,163
Yb,10,182
Yb,11,209
Yb,12,244
Yb,13,279
Yb,14,301
Yb,15,324
Yb,16,360
Yb,17,396
Yb,18,431
Yb,19,469
Yb,20,505
Yb,21,540
Yb,22,580
Yb,23,620
Yb,24,651
Yb,25,882
Yb,26,924
Yb,27,971
Yb,28,1019
Yb,29,1065
Yb,30,1114
Yb,31,1175
Yb,32,1224
Yb,33,1275
Yb,34,1324
Yb,35,1516
Yb,36,1564
Yb,37,1618
Yb,38,1668
Yb,39,1789
Yb,40,1845
Yb,41,1978
Yb,42,2036.4
Yb,43,3443
Yb,44,3555
Yb,45,3677
Yb,46,3805
Yb,47,3929
Yb,48,4051
Yb,49,4238
Yb,50,4364
Yb,51,4502
Yb,52,4630
Yb,53,4988
Yb,54,5101
Yb,55,5224
Yb,56,5339
Yb,57,5731
Yb,58,5860
Yb,59,6111
Yb,60,6236
Yb,61,13784
Yb,62,14093
Yb,63,14435
Yb,64,14752
Yb,65,16191
Yb,66,16570
Yb,67,17050
Yb,68,17365.44
Yb,69,70123.04
Yb,70,71574.79
Lu,1,5.425871
Lu,2,13.9
Lu,3,20.9551
Lu,4,45.249
Lu,5,66.79
Lu,6,98
Lu,7,117
Lu,8,136
Lu,9,159
Lu,10,185
Lu,11,205
Lu,12,238
Lu,13,276
Lu,14,305
Lu,15,328
Lu,16,361
Lu,17,399
Lu,18,438
Lu,19,476
Lu,20,520
Lu,21,560
Lu,22,600
Lu,23,640
Lu,24,670
Lu,25,713
Lu,26,941
Lu,27,985
Lu,28,1032
Lu,29,1081
Lu,30,1130
Lu,31,1178
Lu,32,1242
Lu,33,1292
Lu,34,1345
Lu,35,1395
Lu,36,1591
Lu,37,1641
Lu,38,1696
Lu,39,1747
Lu,40,1875
Lu,41,1933
Lu,42,2067
Lu,43,2125.5
Lu,44,3590
Lu,45,3706
Lu,46,3828
Lu,47,3960
Lu,48,4086
Lu,49,4211
Lu,50,4403
Lu,51,4532
Lu,52,4673
Lu,53,4803
Lu,54,5168
Lu,55,5282
Lu,56,5408
Lu,57,5525
Lu,58,5937
Lu,59,6070
Lu,60,6326
Lu,61,6452
Lu,62,14228
Lu,63,14542
Lu,64,14890
Lu,65,15211
Lu,66,16730
Lu,67,17120
Lu,68,17610
Lu,69,17928.05
Lu,70,72322.91
Lu,71,73804.8
Hf,1,6.82507
Hf,2,15
Hf,3,23.28
Hf,4,33.37
Hf,5,68.375
Hf,6,98
Hf,7,118
Hf,8,138
Hf,9,157
Hf,10,187
Hf,11,209
Hf,12,230
Hf,13,270
Hf,14,310
Hf,15,334
Hf,16,359
Hf,17,399
Hf,18,440
Hf,19,481
Hf,20,520
Hf,21,560
Hf,22,610
Hf,23,650
Hf,24,690
Hf,25,730
Hf,26,772
Hf,27,1002
Hf,28,1047
Hf,29,1094
Hf,30,1146
Hf,31,1195
Hf,32,1245
Hf,33,1311
Hf,34,1362
Hf,35,1417
Hf,36,1467
Hf,37,1669
Hf,38,1719
Hf,39,1776
Hf,40,1827
Hf,41,1963
Hf,42,2022
Hf,43,2159
Hf,44,2218.9
Hf,45,3741
Hf,46,3858
Hf,47,3984
Hf,48,4118
Hf,49,4246
Hf,50,4372
Hf,51,4573
Hf,52,4703
Hf,53,4846
Hf,54,4980
Hf,55,5350
Hf,56,5468
Hf,57,5595
Hf,58,5713
Hf,59,6149
Hf,60,6284
Hf,61,6545
Hf,62,6674
Hf,63,14678
Hf,64,14999
Hf,65,15351
Hf,66,15680
Hf,67,17280
Hf,68,17680
Hf,69,18180
Hf,70,18502.32
Hf,71,74565.93
Hf,72,76077.8
Ta,1,7.54957
Ta,2,16.2
Ta,3,23.1
Ta,4,35
Ta,5,48.272
Ta,6,94.011
Ta,7,119
Ta,8,139
Ta,9,159
Ta,10,180
Ta,11,213
Ta,12,235
Ta,13,262
Ta,14,304
Ta,15,338
Ta,16,363
Ta,17,396
Ta,18,439
Ta,19,482
Ta,20,530
Ta,21,570
Ta,22,620
Ta,23,660
Ta,24,700
Ta,25,740
Ta,26,790
Ta,27,832
Ta,28,1064
Ta,29,1110
Ta,30,1160
Ta,31,1211
Ta,32,1262
Ta,33,1313
Ta,34,1382
Ta,35,1434
Ta,36,1490
Ta,37,1542
Ta,38,1748
Ta,39,1799
Ta,40,1857
Ta,41,1910
Ta,42,2053
Ta,43,2113
Ta,44,2254
Ta,45,2314.7
Ta,46,3898.7
Ta,47,4014
Ta,48,4143
Ta,49,4278
Ta,50,4410
Ta,51,4537
Ta,52,4745
Ta,53,4877
Ta,54,5024
Ta,55,5159
Ta,56,5537
Ta,57,5655
Ta,58,5785
Ta,59,5907
Ta,60,6364
Ta,61,6502
Ta,62,6769
Ta,63,6900
Ta,64,15137
Ta,65,15461
Ta,66,15820
Ta,67,16150
Ta,68,17840
Ta,69,18250
Ta,70,18760
Ta,71,19088.51
Ta,72,76852.02
Ta,73,78394.7
W,1,7.86403
W,2,16.4
W,3,26.02
W,4,38.21
W,5,51.59
W,6,64.766
W,7,122.01
W,8,141.2
W,9,160.2
W,10,179
W,11,208.9
W,12,231.6
W,13,258.3
W,14,290.7
W,15,325.3
W,16,361.9
W,17,387.9
W,18,420.7
W,19,462.1
W,20,502.6
W,21,543.4
W,22,594.5
W,23,640.6
W,24,686
W,25,734.1
W,26,784.4
W,27,833.4
W,28,881.4
W,29,1132.2
W,30,1180
W,31,1230.4
W,32,1283.4
W,33,1335.1
W,34,1386.8
W,35,1459.9
W,36,1512.4
W,37,1569.1
W,38,1622
W,39,1829.8
W,40,1882.9
W,41,1940.6
W,42,1994.8
W,43,2149.1
W,44,2210
W,45,2354
W,46,2414.11
W,47,4057
W,48,4180
W,49,4309
W,50,4446
W,51,4578
W,52,4709
W,53,4927
W,54,5063
W,55,5209
W,56,5348
W,57,5719
W,58,5840
W,59,5970
W,60,6093
W,61,6600
W,62,6735
W,63,7000
W,64,7130
W,65,15566
W,66,15896
W,67,16252
W,68,16588
W,69,18476
W,70,18872
W,71,19362
W,72,19686.74
W,73,79181.93
W,74,80755.6
Re,1,7.83352
Re,2,16.6
Re,3,27
Re,4,39.1
Re,5,51.9
Re,6,67
Re,7,82.71
Re,8,144.4
Re,9,165
Re,10,187
Re,11,208
Re,12,236
Re,13,268
Re,14,291
Re,15,330
Re,16,377
Re,17,403
Re,18,429
Re,19,476
Re,20,520
Re,21,570
Re,22,620
Re,23,670
Re,24,720
Re,25,760
Re,26,810
Re,27,860
Re,28,910
Re,29,953
Re,30,1194
Re,31,1242
Re,32,1294
Re,33,1349
Re,34,1402
Re,35,1454
Re,36,1530
Re,37,1583
Re,38,1641
Re,39,1696
Re,40,1912
Re,41,1966
Re,42,2025
Re,43,2080
Re,44,2240
Re,45,2302
Re,46,2450
Re,47,2514.54
Re,48,4214
Re,49,4335
Re,50,4468
Re,51,4609
Re,52,4745
Re,53,4877
Re,54,5099
Re,55,5236
Re,56,5388
Re,57,5528
Re,58,5919
Re,59,6042
Re,60,6176
Re,61,6300
Re,62,6810
Re,63,6952
Re,64,7230
Re,65,7366
Re,66,16080
Re,67,16410
Re,68,16780
Re,69,17120
Re,70,19000
Re,71,19420
Re,72,19950
Re,73,20297.4
Re,74,81556.9
Re,75,83162.3
Os,1,8.43823
Os,2,17
Os,3,25
Os,4,41
Os,5,55
Os,6,70.1
Os,7,85.1
Os,8,102.024
Os,9,168.7
Os,10,190
Os,11,213
Os,12,235
Os,13,269
Os,14,300
Os,15,320
Os,16,367
Os,17,410
Os,18,436
Os,19,470
Os,20,520
Os,21,570
Os,22,620
Os,23,670
Os,24,720
Os,25,770
Os,26,820
Os,27,870
Os,28,920
Os,29,970
Os,30,1015
Os,31,1262
Os,32,1311
Os,33,1364
Os,34,1420
Os,35,1474
Os,36,1528
Os,37,1606
Os,38,1660
Os,39,1720
Os,40,1776
Os,41,1996
Os,42,2052
Os,43,2112
Os,44,2168
Os,45,2336
Os,46,2400
Os,47,2552
Os,48,2615.5
Os,49,4374
Os,50,4501
Os,51,4635
Os,52,4779
Os,53,4917
Os,54,5052
Os,55,5280
Os,56,5421
Os,57,5575
Os,58,5717
Os,59,6115
Os,60,6240
Os,61,6376
Os,62,6503
Os,63,7039
Os,64,7185
Os,65,7468
Os,66,7610
Os,67,16560
Os,68,16900
Os,69,17270
Os,70,17620
Os,71,19600
Os,72,20030
Os,73,20570
Os,74,20920.6
Os,75,83976.2
Os,76,85614.4
Ir,1,8.96702
Ir,2,17
Ir,3,28
Ir,4,40
Ir,5,57
Ir,6,72
Ir,7,89
Ir,8,105
Ir,9,123
Ir,10,194.8
Ir,11,217
Ir,12,240
Ir,13,264
Ir,14,303
Ir,15,329
Ir,16,356
Ir,17,407
Ir,18,445
Ir,19,472
Ir,20,510
Ir,21,560
Ir,22,610
Ir,23,670
Ir,24,720
Ir,25,770
Ir,26,820
Ir,27,870
Ir,28,920
Ir,29,980
Ir,30,1030
Ir,31,1080
Ir,32,1331
Ir,33,1381
Ir,34,1436
Ir,35,1493
Ir,36,1548
Ir,37,1603
Ir,38,1684
Ir,39,1739
Ir,40,1801
Ir,41,1857
Ir,42,2083
Ir,43,2139
Ir,44,2201
Ir,45,2258
Ir,46,2435
Ir,47,2500
Ir,48,2656
Ir,49,2720.4
Ir,50,4540
Ir,51,4668
Ir,52,4806
Ir,53,4952
Ir,54,5092
Ir,55,5229
Ir,56,5466
Ir,57,5609
Ir,58,5765
Ir,59,5910
Ir,60,6315
Ir,61,6441
Ir,62,6580
Ir,63,6708
Ir,64,7274
Ir,65,7421
Ir,66,7710
Ir,67,7850
Ir,68,17040
Ir,69,17390
Ir,70,17770
Ir,71,18120
Ir,72,20210
Ir,73,20650
Ir,74,21200
Ir,75,21556.6
Ir,76,86438.9
Ir,77,88113.3
Pt,1,8.95883
Pt,2,18.56
Pt,3,29
Pt,4,43
Pt,5,56
Pt,6,75
Pt,7,91
Pt,8,109
Pt,9,126
Pt,10,144.9
Pt,11,220.4
Pt,12,245
Pt,13,269
Pt,14,293
Pt,15,332
Pt,16,358
Pt,17,392
Pt,18,445
Pt,19,479
Pt,20,507
Pt,21,550
Pt,22,610
Pt,23,660
Pt,24,710
Pt,25,760
Pt,26,820
Pt,27,870
Pt,28,930
Pt,29,980
Pt,30,1040
Pt,31,1090
Pt,32,1140
Pt,33,1402
Pt,34,1454
Pt,35,1509
Pt,36,1567
Pt,37,1624
Pt,38,1680
Pt,39,1763
Pt,40,1821
Pt,41,1883
Pt,42,1941
Pt,43,2171
Pt,44,2228
Pt,45,2291
Pt,46,2350
Pt,47,2536
Pt,48,2603
Pt,49,2762
Pt,50,2827.8
Pt,51,4715
Pt,52,4839
Pt,53,4980
Pt,54,5128
Pt,55,5270
Pt,56,5410
Pt,57,5654
Pt,58,5800
Pt,59,5959
Pt,60,6106
Pt,61,6517
Pt,62,6646
Pt,63,6787
Pt,64,6918
Pt,65,7512
Pt,66,7660
Pt,67,7960
Pt,68,8100
Pt,69,17540
Pt,70,17890
Pt,71,18280
Pt,72,18630
Pt,73,20840
Pt,74,21280
Pt,75,21840
Pt,76,22205.7
Pt,77,88955.17
Pt,78,90660
Au,1,9.225553
Au,2,20.203
Au,3,30
Au,4,45
Au,5,60
Au,6,74
Au,7,94
Au,8,112
Au,9,130.1
Au,10,149
Au,11,168.2
Au,12,200
Au,13,275
Au,14,299
Au,15,324
Au,16,365
Au,17,392
Au,18,433
Au,19,487
Au,20,520
Au,21,550
Au,22,600
Au,23,650
Au,24,710
Au,25,760
Au,26,820
Au,27,870
Au,28,930
Au,29,990
Au,30,1040
Au,31,1100
Au,32,1150
Au,33,1210
Au,34,1475
Au,35,1527
Au,36,1584
Au,37,1644
Au,38,1702
Au,39,1758
Au,40,1845
Au,41,1904
Au,42,1967
Au,43,2026
Au,44,2261
Au,45,2320
Au,46,2383
Au,47,2443
Au,48,2640
Au,49,2708
Au,50,2870
Au,51,2941
Au,52,4888
Au,53,5013
Au,54,5156
Au,55,5307
Au,56,5452
Au,57,5594
Au,58,5846
Au,59,5994
Au,60,6156
Au,61,6305
Au,62,6724
Au,63,6854
Au,64,6997
Au,65,7130
Au,66,7760
Au,67,7910
Au,68,8210
Au,69,8360
Au,70,18040
Au,71,18400
Au,72,18790
Au,73,19150
Au,74,21470
Au,75,21920
Au,76,22500
Au,77,22868.12
Au,78,91515.82
Au,79,93254.3
Hg,1,10.437504
Hg,2,18.75687
Hg,3,34.46
Hg,4,48.55
Hg,5,61.2
Hg,6,76.6
Hg,7,93
Hg,8,113.9
Hg,9,134
Hg,10,153
Hg,11,173
Hg,12,192.7
Hg,13,276.9
Hg,14,307
Hg,15,332
Hg,16,357
Hg,17,402
Hg,18,429
Hg,19,477
Hg,20,530
Hg,21,560
Hg,22,590
Hg,23,650
Hg,24,710
Hg,25,760
Hg,26,820
Hg,27,880
Hg,28,930
Hg,29,990
Hg,30,1050
Hg,31,1110
Hg,32,1160
Hg,33,1220
Hg,34,1280
Hg,35,1549
Hg,36,1603
Hg,37,1661
Hg,38,1723
Hg,39,1780
Hg,40,1839
Hg,41,1928
Hg,42,1989
Hg,43,2052
Hg,44,2113
Hg,45,2354
Hg,46,2412
Hg,47,2478
Hg,48,2539
Hg,49,2745
Hg,50,2815
Hg,51,2981
Hg,52,3049.9
Hg,53,5055
Hg,54,5191
Hg,55,5335
Hg,56,5490
Hg,57,5636
Hg,58,5780
Hg,59,6041
Hg,60,6192
Hg,61,6356
Hg,62,6508
Hg,63,6933
Hg,64,7066
Hg,65,7211
Hg,66,7350
Hg,67,8000
Hg,68,8160
Hg,69,8470
Hg,70,8620
Hg,71,18550
Hg,72,18910
Hg,73,19310
Hg,74,19680
Hg,75,22120
Hg,76,22580
Hg,77,23170
Hg,78,23544.1
Hg,79,94124.7
Hg,80,95897.7
Tl,1,6.108287
Tl,2,20.4283
Tl,3,29.852
Tl,4,51.14
Tl,5,62.6
Tl,6,80
Tl,7,98
Tl,8,116
Tl,9,135
Tl,10,158
Tl,11,177
Tl,12,198
Tl,13,218.3
Tl,14,306.9
Tl,15,340
Tl,16,366
Tl,17,392
Tl,18,439
Tl,19,467
Tl,20,520
Tl,21,570
Tl,22,600
Tl,23,640
Tl,24,700
Tl,25,760
Tl,26,820
Tl,27,880
Tl,28,930
Tl,29,990
Tl,30,1060
Tl,31,1110
Tl,32,1170
Tl,33,1230
Tl,34,1290
Tl,35,1350
Tl,36,1625
Tl,37,1681
Tl,38,1740
Tl,39,1802
Tl,40,1862
Tl,41,1920
Tl,42,2014
Tl,43,2075
Tl,44,2140
Tl,45,2202
Tl,46,2447
Tl,47,2508
Tl,48,2574
Tl,49,2635
Tl,50,2854
Tl,51,2925
Tl,52,3094
Tl,53,3164.7
Tl,54,5234
Tl,55,5371
Tl,56,5518
Tl,57,5674
Tl,58,5824
Tl,59,5969
Tl,60,6241
Tl,61,6392
Tl,62,6560
Tl,63,6714
Tl,64,7146
Tl,65,7281
Tl,66,7430
Tl,67,7560
Tl,68,8260
Tl,69,8420
Tl,70,8730
Tl,71,8880
Tl,72,19070
Tl,73,19440
Tl,74,19840
Tl,75,20210
Tl,76,22780
Tl,77,23260
Tl,78,23850
Tl,79,24234.1
Tl,80,96783.2
Tl,81,98591.6
Pb,1,7.4166796
Pb,2,15.032498
Pb,3,31.9373
Pb,4,42.33256
Pb,5,68.8
Pb,6,82.9
Pb,7,100.1
Pb,8,120
Pb,9,138
Pb,10,158
Pb,11,182
Pb,12,203
Pb,13,224
Pb,14,245.1
Pb,15,338.1
Pb,16,374
Pb,17,401
Pb,18,428
Pb,19,478
Pb,20,507
Pb,21,570
Pb,22,610
Pb,23,650
Pb,24,690
Pb,25,750
Pb,26,810
Pb,27,870
Pb,28,930
Pb,29,990
Pb,30,1050
Pb,31,1120
Pb,32,1180
Pb,33,1000
Pb,34,1300
Pb,35,1400
Pb,36,1430
Pb,37,1704
Pb,38,1760
Pb,39,1819
Pb,40,1884
Pb,41,1945
Pb,42,2004
Pb,43,2101
Pb,44,2163
Pb,45,2230
Pb,46,2292
Pb,47,2543
Pb,48,2605
Pb,49,2671
Pb,50,2735
Pb,51,2965
Pb,52,3036
Pb,53,3211
Pb,54,3282.1
Pb,55,5414
Pb,56,5555
Pb,57,5703
Pb,58,5862
Pb,59,6015
Pb,60,6160
Pb,61,6442
Pb,62,6597
Pb,63,6767
Pb,64,6924
Pb,65,7362
Pb,66,7500
Pb,67,7650
Pb,68,7790
Pb,69,8520
Pb,70,8680
Pb,71,9000
Pb,72,9150
Pb,73,19590
Pb,74,19970
Pb,75,20380
Pb,76,20750
Pb,77,23460
Pb,78,23940
Pb,79,24550
Pb,80,24938
Pb,81,99491.85
Pb,82,101336.4
Bi,1,7.285516
Bi,2,16.703
Bi,3,25.563
Bi,4,45.37
Bi,5,54.85
Bi,6,88.4
Bi,7,103
Bi,8,122
Bi,9,143
Bi,10,161.1
Bi,11,183
Bi,12,208
Bi,13,229
Bi,14,252
Bi,15,272.6
Bi,16,370.2
Bi,17,409
Bi,18,436
Bi,19,464
Bi,20,520
Bi,21,550
Bi,22,620
Bi,23,660
Bi,24,690
Bi,25,750
Bi,26,810
Bi,27,870
Bi,28,930
Bi,29,990
Bi,30,1060
Bi,31,1120
Bi,32,1180
Bi,33,1250
Bi,34,1310
Bi,35,1380
Bi,36,1440
Bi,37,1500
Bi,38,1784
Bi,39,1840
Bi,40,1902
Bi,41,1967
Bi,42,2029
Bi,43,2090
Bi,44,2190
Bi,45,2253
Bi,46,2321
Bi,47,2385
Bi,48,2641
Bi,49,2703
Bi,50,2771
Bi,51,2835
Bi,52,3078
Bi,53,3151
Bi,54,3329
Bi,55,3401.8
Bi,56,5599
Bi,57,5740
Bi,58,5892
Bi,59,6054
Bi,60,6208
Bi,61,6358
Bi,62,6648
Bi,63,6804
Bi,64,6977
Bi,65,7137
Bi,66,7580
Bi,67,7720
Bi,68,7870
Bi,69,8010
Bi,70,8780
Bi,71,8950
Bi,72,9270
Bi,73,9430
Bi,74,20130
Bi,75,20500
Bi,76,20920
Bi,77,21300
Bi,78,24150
Bi,79,24640
Bi,80,25260
Bi,81,25656.9
Bi,82,102251.76
Bi,83,104132.8
Po,1,8.414
Po,2,19.3
Po,3,27
Po,4,36
Po,5,57
Po,6,69.1
Po,7,108
Po,8,125
Po,9,146.1
Po,10,166
Po,11,190
Po,12,209
Po,13,235
Po,14,257
Po,15,281
Po,16,304
Po,17,416
Po,18,444
Po,19,473
Po,20,502
Po,21,560
Po,22,590
Po,23,670
Po,24,700
Po,25,740
Po,26,800
Po,27,860
Po,28,930
Po,29,990
Po,30,1060
Po,31,1120
Po,32,1180
Po,33,1250
Po,34,1320
Po,35,1380
Po,36,1440
Po,37,1510
Po,38,1570
Po,39,1865
Po,40,1923
Po,41,1986
Po,42,2052
Po,43,2115
Po,44,2177
Po,45,2281
Po,46,2345
Po,47,2414
Po,48,2480
Po,49,2740
Po,50,2803
Po,51,2873
Po,52,2938
Po,53,3194
Po,54,3268
Po,55,3450
Po,56,3524.2
Po,57,5785
Po,58,5930
Po,59,6084
Po,60,6248
Po,61,6405
Po,62,6557
Po,63,6856
Po,64,7015
Po,65,7191
Po,66,7350
Po,67,7810
Po,68,7940
Po,69,8100
Po,70,8240
Po,71,9050
Po,72,9220
Po,73,9550
Po,74,9710
Po,75,20670
Po,76,21050
Po,77,21470
Po,78,21860
Po,79,24860
Po,80,25360
Po,81,25990
Po,82,26390.4
Po,83,105064.3
Po,84,106982.7
At,1,9.31751
At,2,17.88
At,3,26.58
At,4,39.65
At,5,50.39
At,6,72
At,7,85.1
At,8,130.1
At,9,149
At,10,169
At,11,192.1
At,12,212
At,13,236
At,14,263
At,15,287
At,16,311
At,17,335
At,18,452
At,19,481
At,20,510
At,21,540
At,22,600
At,23,630
At,24,720
At,25,750
At,26,790
At,27,860
At,28,920
At,29,990
At,30,1050
At,31,1120
At,32,1180
At,33,1250
At,34,1320
At,35,1380
At,36,1450
At,37,1510
At,38,1590
At,39,1650
At,40,1948
At,41,2007
At,42,2071
At,43,2139
At,44,2203
At,45,2266
At,46,2373
At,47,2439
At,48,2510
At,49,2576
At,50,2841
At,51,2905
At,52,2977
At,53,3042
At,54,3312
At,55,3388
At,56,3573
At,57,3649
At,58,5980
At,59,6122
At,60,6279
At,61,6445
At,62,6604
At,63,6759
At,64,7068
At,65,7230
At,66,7410
At,67,7570
At,68,8030
At,69,8180
At,70,8330
At,71,8480
At,72,9330
At,73,9500
At,74,9830
At,75,9990
At,76,21210
At,77,21600
At,78,22030
At,79,22420
At,80,25580
At,81,26080
At,82,26730
At,83,27139
At,84,107923.4
At,85,109886
Rn,1,10.7485
Rn,2,21.4
Rn,3,29.4
Rn,4,36.9
Rn,5,52.9
Rn,6,64
Rn,7,88
Rn,8,102
Rn,9,154
Rn,10,173.9
Rn,11,195
Rn,12,218
Rn,13,240
Rn,14,264
Rn,15,293
Rn,16,317
Rn,17,342
Rn,18,367
Rn,19,488
Rn,20,520
Rn,21,550
Rn,22,580
Rn,23,640
Rn,24,680
Rn,25,760
Rn,26,800
Rn,27,850
Rn,28,920
Rn,29,980
Rn,30,1050
Rn,31,1120
Rn,32,1180
Rn,33,1250
Rn,34,1310
Rn,35,1390
Rn,36,1460
Rn,37,1520
Rn,38,1590
Rn,39,1660
Rn,40,1720
Rn,41,2033
Rn,42,2094
Rn,43,2158
Rn,44,2227
Rn,45,2293
Rn,46,2357
Rn,47,2467
Rn,48,2535
Rn,49,2606
Rn,50,2674
Rn,51,2944
Rn,52,3010
Rn,53,3082
Rn,54,3149
Rn,55,3433
Rn,56,3510
Rn,57,3699
Rn,58,3777
Rn,59,6169
Rn,60,6318
Rn,61,6476
Rn,62,6646
Rn,63,6807
Rn,64,6964
Rn,65,7283
Rn,66,7450
Rn,67,7630
Rn,68,7800
Rn,69,8260
Rn,70,8410
Rn,71,8570
Rn,72,8710
Rn,73,9610
Rn,74,9780
Rn,75,10120
Rn,76,10290
Rn,77,21770
Rn,78,22160
Rn,79,22600
Rn,80,23000
Rn,81,26310
Rn,82,26830
Rn,83,27490
Rn,84,27903.1
Rn,85,110842
Rn,86,112843.7
Fr,1,4.0727409
Fr,2,22.4
Fr,3,33
Fr,4,39.1
Fr,5,50
Fr,6,67
Fr,7,80
Fr,8,106
Fr,9,120
Fr,10,179
Fr,11,200
Fr,12,222.1
Fr,13,245
Fr,14,269
Fr,15,293
Fr,16,324
Fr,17,349
Fr,18,375
Fr,19,400
Fr,20,530
Fr,21,560
Fr,22,590
Fr,23,620
Fr,24,690
Fr,25,720
Fr,26,820
Fr,27,850
Fr,28,910
Fr,29,980
Fr,30,1040
Fr,31,1110
Fr,32,1180
Fr,33,1250
Fr,34,1320
Fr,35,1380
Fr,36,1460
Fr,37,1530
Fr,38,1600
Fr,39,1670
Fr,40,1700
Fr,41,1810
Fr,42,2119
Fr,43,2182
Fr,44,2247
Fr,45,2317
Fr,46,2384
Fr,47,2450
Fr,48,2564
Fr,49,2631
Fr,50,2706
Fr,51,2774
Fr,52,3049
Fr,53,3115
Fr,54,3190
Fr,55,3257
Fr,56,3556
Fr,57,3635
Fr,58,3828
Fr,59,3907
Fr,60,6365
Fr,61,6516
Fr,62,6678
Fr,63,6849
Fr,64,7013
Fr,65,7172
Fr,66,7500
Fr,67,7670
Fr,68,7850
Fr,69,8020
Fr,70,8500
Fr,71,8640
Fr,72,8800
Fr,73,8950
Fr,74,9890
Fr,75,10070
Fr,76,10420
Fr,77,10580
Fr,78,22330
Fr,79,22730
Fr,80,23170
Fr,81,23570
Fr,82,27060
Fr,83,27590
Fr,84,28260
Fr,85,28683.4
Fr,86,113817.2
Fr,87,115859
Ra,1,5.278424
Ra,2,10.147153
Ra,3,31
Ra,4,41
Ra,5,52.9
Ra,6,64
Ra,7,82
Ra,8,97
Ra,9,100
Ra,10,140
Ra,11,204.9
Ra,12,227
Ra,13,250
Ra,14,274
Ra,15,299
Ra,16,324
Ra,17,356
Ra,18,382
Ra,19,409
Ra,20,435
Ra,21,570
Ra,22,600
Ra,23,630
Ra,24,660
Ra,25,740
Ra,26,770
Ra,27,860
Ra,28,900
Ra,29,970
Ra,30,1040
Ra,31,1110
Ra,32,1180
Ra,33,1250
Ra,34,1320
Ra,35,1390
Ra,36,1460
Ra,37,1530
Ra,38,1610
Ra,39,1680
Ra,40,1750
Ra,41,1820
Ra,42,1880
Ra,43,2208
Ra,44,2271
Ra,45,2338
Ra,46,2409
Ra,47,2477
Ra,48,2544
Ra,49,2662
Ra,50,2731
Ra,51,2806
Ra,52,2876
Ra,53,3155
Ra,54,3224
Ra,55,3300
Ra,56,3368
Ra,57,3682
Ra,58,3762
Ra,59,3959
Ra,60,4040
Ra,61,6565
Ra,62,6718
Ra,63,6881
Ra,64,7056
Ra,65,7222
Ra,66,7380
Ra,67,7720
Ra,68,7890
Ra,69,8080
Ra,70,8250
Ra,71,8730
Ra,72,8880
Ra,73,9040
Ra,74,9200
Ra,75,10190
Ra,76,10360
Ra,77,10720
Ra,78,10890
Ra,79,22900
Ra,80,23300
Ra,81,23750
Ra,82,24160
Ra,83,27830
Ra,84,28370
Ra,85,29050
Ra,86,29479.8
Ra,87,116848.7
Ra,88,118931.3
Ac,1,5.380226
Ac,2,11.75
Ac,3,17.431
Ac,4,44.8
Ac,5,55
Ac,6,67
Ac,7,79
Ac,8,98.9
Ac,9,113.9
Ac,10,143.9
Ac,11,161.1
Ac,12,233
Ac,13,255
Ac,14,279
Ac,15,305
Ac,16,330
Ac,17,355
Ac,18,390
Ac,19,416
Ac,20,444
Ac,21,470
Ac,22,610
Ac,23,640
Ac,24,670
Ac,25,710
Ac,26,780
Ac,27,820
Ac,28,920
Ac,29,950
Ac,30,1030
Ac,31,1100
Ac,32,1170
Ac,33,1240
Ac,34,1310
Ac,35,1380
Ac,36,1460
Ac,37,1530
Ac,38,1610
Ac,39,1680
Ac,40,1750
Ac,41,1820
Ac,42,1900
Ac,43,1970
Ac,44,2298
Ac,45,2362
Ac,46,2430
Ac,47,2503
Ac,48,2572
Ac,49,2639
Ac,50,2762
Ac,51,2833
Ac,52,2908
Ac,53,2980
Ac,54,3264
Ac,55,3334
Ac,56,3409
Ac,57,3479
Ac,58,3811
Ac,59,3893
Ac,60,4093
Ac,61,4175
Ac,62,6767
Ac,63,6923
Ac,64,7088
Ac,65,7265
Ac,66,7430
Ac,67,7600
Ac,68,7950
Ac,69,8120
Ac,70,8310
Ac,71,8480
Ac,72,8970
Ac,73,9120
Ac,74,9290
Ac,75,9440
Ac,76,10480
Ac,77,10660
Ac,78,11030
Ac,79,11200
Ac,80,23480
Ac,81,23890
Ac,82,24340
Ac,83,24760
Ac,84,28610
Ac,85,29160
Ac,86,29850
Ac,87,30293
Ac,88,119939
Ac,89,122062.9
Th,1,6.3067
Th,2,11.9
Th,3,18.32
Th,4,28.648
Th,5,58
Th,6,69.1
Th,7,82
Th,8,95
Th,9,118
Th,10,133
Th,11,165
Th,12,181
Th,13,262
Th,14,285
Th,15,310
Th,16,336
Th,17,362
Th,18,389
Th,19,424
Th,20,451
Th,21,480
Th,22,508
Th,23,650
Th,24,680
Th,25,720
Th,26,750
Th,27,830
Th,28,900
Th,29,970
Th,30,1010
Th,31,1090
Th,32,1160
Th,33,1240
Th,34,1310
Th,35,1380
Th,36,1460
Th,37,1530
Th,38,1600
Th,39,1680
Th,40,1760
Th,41,1830
Th,42,1910
Th,43,2000
Th,44,2060
Th,45,2390
Th,46,2455
Th,47,2524
Th,48,2598
Th,49,2669
Th,50,2737
Th,51,2860
Th,52,2935
Th,53,3013
Th,54,3086
Th,55,3375
Th,56,3445
Th,57,3522
Th,58,3593
Th,59,3943
Th,60,4025
Th,61,4230
Th,62,4313
Th,63,6972
Th,64,7130
Th,65,7299
Th,66,7480
Th,67,7650
Th,68,7820
Th,69,8180
Th,70,8350
Th,71,8550
Th,72,8720
Th,73,9220
Th,74,9370
Th,75,9540
Th,76,9690
Th,77,10790
Th,78,10970
Th,79,11340
Th,80,11510
Th,81,24060
Th,82,24480
Th,83,24940
Th,84,25360
Th,85,29410
Th,86,29970
Th,87,30680
Th,88,31122.8
Th,89,123086.4
Th,90,125253.4
Pa,1,5.89
Pa,2,11.9
Pa,3,19
Pa,4,30.9
Pa,5,44.3
Pa,6,72
Pa,7,85.1
Pa,8,98.9
Pa,9,111
Pa,10,137
Pa,11,153
Pa,12,187
Pa,13,203
Pa,14,292
Pa,15,316
Pa,16,342
Pa,17,369
Pa,18,395
Pa,19,423
Pa,20,460
Pa,21,488
Pa,22,518
Pa,23,546
Pa,24,690
Pa,25,720
Pa,26,760
Pa,27,790
Pa,28,880
Pa,29,920
Pa,30,1020
Pa,31,1060
Pa,32,1150
Pa,33,1220
Pa,34,1300
Pa,35,1370
Pa,36,1450
Pa,37,1520
Pa,38,1600
Pa,39,1670
Pa,40,1760
Pa,41,1830
Pa,42,1910
Pa,43,2000
Pa,44,2060
Pa,45,2130
Pa,46,2483
Pa,47,2550
Pa,48,2620
Pa,49,2696
Pa,50,2766
Pa,51,2837
Pa,52,2968
Pa,53,3040
Pa,54,3119
Pa,55,3193
Pa,56,3488
Pa,57,3558
Pa,58,3637
Pa,59,3709
Pa,60,4077
Pa,61,4161
Pa,62,4370
Pa,63,4454
Pa,64,7181
Pa,65,7341
Pa,66,7510
Pa,67,7690
Pa,68,7870
Pa,69,8040
Pa,70,8410
Pa,71,8590
Pa,72,8780
Pa,73,8960
Pa,74,9460
Pa,75,9620
Pa,76,9790
Pa,77,9950
Pa,78,11100
Pa,79,11280
Pa,80,11660
Pa,81,11840
Pa,82,24660
Pa,83,25080
Pa,84,25540
Pa,85,25970
Pa,86,30230
Pa,87,30800
Pa,88,31520
Pa,89,31971.6
Pa,90,126296.6
Pa,91,128507
U,1,6.19405
U,2,11.59
U,3,19.8
U,4,36.7
U,5,46
U,6,60
U,7,89
U,8,101
U,9,116
U,10,129
U,11,158
U,12,173
U,13,210
U,14,227
U,15,323
U,16,348
U,17,375
U,18,402
U,19,431
U,20,458
U,21,497
U,22,525
U,23,557
U,24,585
U,25,730
U,26,770
U,27,800
U,28,840
U,29,930
U,30,970
U,31,1070
U,32,1110
U,33,1210
U,34,1290
U,35,1360
U,36,1440
U,37,1520
U,38,1590
U,39,1670
U,40,1750
U,41,1830
U,42,1910
U,43,1990
U,44,2070
U,45,2140
U,46,2220
U,47,2578
U,48,2646
U,49,2718
U,50,2794
U,51,2867
U,52,2938
U,53,3073
U,54,3147
U,55,3228
U,56,3301
U,57,3602
U,58,3675
U,59,3753
U,60,3827
U,61,4214
U,62,4299
U,63,4510
U,64,4598
U,65,7393
U,66,7550
U,67,7730
U,68,7910
U,69,8090
U,70,8260
U,71,8650
U,72,8830
U,73,9030
U,74,9210
U,75,9720
U,76,9870
U,77,10040
U,78,10200
U,79,11410
U,80,11600
U,81,11990
U,82,12160
U,83,25260
U,84,25680
U,85,26150
U,86,26590
U,87,31060
U,88,31640
U,89,32400
U,90,32836.5
U,91,129570.3
U,92,131821
Np,1,6.2655
Np,2,11.5
Np,3,19.7
Np,4,33.8
Np,5,48
Np,6,65
Np,7,92
Np,8,107
Np,9,121
Np,10,136
Np,11,151
Np,12,179
Np,13,196
Np,14,233
Np,15,252
Np,16,355
Np,17,382
Np,18,408
Np,19,438
Np,20,466
Np,21,495
Np,22,535
Np,23,565
Np,24,596
Np,25,626
Np,26,770
Np,27,810
Np,28,850
Np,29,880
Np,30,980
Np,31,1020
Np,32,1130
Np,33,1170
Np,34,1280
Np,35,1360
Np,36,1430
Np,37,1510
Np,38,1590
Np,39,1670
Np,40,1740
Np,41,1820
Np,42,1910
Np,43,1990
Np,44,2070
Np,45,2140
Np,46,2200
Np,47,2310
Np,48,2675
Np,49,2745
Np,50,2817
Np,51,2894
Np,52,2969
Np,53,3041
Np,54,3181
Np,55,3255
Np,56,3338
Np,57,3413
Np,58,3718
Np,59,3792
Np,60,3872
Np,61,3947
Np,62,4353
Np,63,4441
Np,64,4658
Np,65,4744
Np,66,7610
Np,67,7770
Np,68,7950
Np,69,8130
Np,70,8310
Np,71,8480
Np,72,8890
Np,73,9070
Np,74,9270
Np,75,9450
Np,76,9970
Np,77,10130
Np,78,10300
Np,79,10460
Np,80,11740
Np,81,11930
Np,82,12320
Np,83,12500
Np,84,25870
Np,85,26300
Np,86,26770
Np,87,27210
Np,88,31910
Np,89,32500
Np,90,33300
Np,91,33722.2
Np,92,132901.8
Np,93,135202
Pu,1,6.0258
Pu,2,11.5
Pu,3,21
Pu,4,35
Pu,5,49
Pu,6,80
Pu,7,95
Pu,8,109
Pu,9,124
Pu,10,139
Pu,11,159
Pu,12,179
Pu,13,200
Pu,14,219
Pu,15,258
Pu,16,278
Pu,17,389
Pu,18,416
Pu,19,444
Pu,20,474
Pu,21,503
Pu,22,532
Pu,23,575
Pu,24,605
Pu,25,637
Pu,26,668
Pu,27,820
Pu,28,850
Pu,29,890
Pu,30,930
Pu,31,1030
Pu,32,1070
Pu,33,1180
Pu,34,1220
Pu,35,1340
Pu,36,1420
Pu,37,1500
Pu,38,1580
Pu,39,1660
Pu,40,1700
Pu,41,1820
Pu,42,1890
Pu,43,1990
Pu,44,2070
Pu,45,2150
Pu,46,2200
Pu,47,2310
Pu,48,2390
Pu,49,2774
Pu,50,2844
Pu,51,2918
Pu,52,2997
Pu,53,3072
Pu,54,3146
Pu,55,3290
Pu,56,3366
Pu,57,3449
Pu,58,3527
Pu,59,3836
Pu,60,3911
Pu,61,3993
Pu,62,4068
Pu,63,4496
Pu,64,4585
Pu,65,4807
Pu,66,4890
Pu,67,7820
Pu,68,7990
Pu,69,8170
Pu,70,8360
Pu,71,8540
Pu,72,8720
Pu,73,9130
Pu,74,9310
Pu,75,9520
Pu,76,9700
Pu,77,10230
Pu,78,10390
Pu,79,10570
Pu,80,10730
Pu,81,12060
Pu,82,12260
Pu,83,12660
Pu,84,12840
Pu,85,26480
Pu,86,26920
Pu,87,27400
Pu,88,27840
Pu,89,32800
Pu,90,33400
Pu,91,34100
Pu,92,34625.8
Pu,93,136299.2
Pu,94,138646
Am,1,5.9738
Am,2,11.7
Am,3,21.7
Am,4,36.8
Am,5,50
Am,6,67.9
Am,7,95
Am,8,110
Am,9,126
Am,10,141
Am,11,162
Am,12,184
Am,13,206
Am,14,225
Am,15,242
Am,16,284
Am,17,305
Am,18,424
Am,19,451
Am,20,481
Am,21,511
Am,22,541
Am,23,571
Am,24,616
Am,25,646
Am,26,680
Am,27,711
Am,28,860
Am,29,900
Am,30,940
Am,31,980
Am,32,1090
Am,33,1130
Am,34,1240
Am,35,1280
Am,36,1410
Am,37,1490
Am,38,1570
Am,39,1650
Am,40,1740
Am,41,1820
Am,42,1900
Am,43,1980
Am,44,2070
Am,45,2160
Am,46,2240
Am,47,2320
Am,48,2410
Am,49,2000
Am,50,2874
Am,51,2946
Am,52,3021
Am,53,3101
Am,54,3178
Am,55,3251
Am,56,3402
Am,57,3479
Am,58,3563
Am,59,3641
Am,60,3956
Am,61,4033
Am,62,4115
Am,63,4191
Am,64,4642
Am,65,4733
Am,66,4960
Am,67,5050
Am,68,8040
Am,69,8210
Am,70,8400
Am,71,8590
Am,72,8770
Am,73,8950
Am,74,9380
Am,75,9560
Am,76,9770
Am,77,9960
Am,78,10490
Am,79,10650
Am,80,10830
Am,81,11000
Am,82,12400
Am,83,12600
Am,84,13000
Am,85,13190
Am,86,27110
Am,87,27550
Am,88,28040
Am,89,28500
Am,90,33700
Am,91,34300
Am,92,35100
Am,93,35549.4
Am,94,139769.5
Am,95,142161
Cm,1,5.9914
Cm,2,10
Cm,3,20.1
Cm,4,37.7
Cm,5,51
Cm,6,69.1
Cm,7,97
Cm,8,112
Cm,9,128
Cm,10,144
Cm,11,167
Cm,12,190
Cm,13,212
Cm,14,235
Cm,15,253
Cm,16,272
Cm,17,311
Cm,18,332
Cm,19,460
Cm,20,489
Cm,21,518
Cm,22,550
Cm,23,580
Cm,24,611
Cm,25,657
Cm,26,689
Cm,27,723
Cm,28,755
Cm,29,910
Cm,30,950
Cm,31,990
Cm,32,1030
Cm,33,1140
Cm,34,1180
Cm,35,1300
Cm,36,1340
Cm,37,1480
Cm,38,1560
Cm,39,1640
Cm,40,1730
Cm,41,1810
Cm,42,1890
Cm,43,1980
Cm,44,2060
Cm,45,2160
Cm,46,2240
Cm,47,2320
Cm,48,2410
Cm,49,2490
Cm,50,2580
Cm,51,2976
Cm,52,3050
Cm,53,3125
Cm,54,3207
Cm,55,3284
Cm,56,3360
Cm,57,3515
Cm,58,3593
Cm,59,3679
Cm,60,3758
Cm,61,4078
Cm,62,4156
Cm,63,4239
Cm,64,4317
Cm,65,4791
Cm,66,4880
Cm,67,5110
Cm,68,5200
Cm,69,8270
Cm,70,8440
Cm,71,8620
Cm,72,8820
Cm,73,9000
Cm,74,9180
Cm,75,9630
Cm,76,9820
Cm,77,10020
Cm,78,10220
Cm,79,10760
Cm,80,10920
Cm,81,11100
Cm,82,11270
Cm,83,12740
Cm,84,12950
Cm,85,13360
Cm,86,13550
Cm,87,27740
Cm,88,28180
Cm,89,28700
Cm,90,29100
Cm,91,34600
Cm,92,35200
Cm,93,36000
Cm,94,36493
Cm,95,143299.6
Cm,96,145743
Bk,1,6.1978
Bk,2,11.9
Bk,3,21.6
Bk,4,36
Bk,5,56
Bk,6,70.1
Bk,7,90
Bk,8,114
Bk,9,130
Bk,10,147
Bk,11,171
Bk,12,195
Bk,13,218
Bk,14,240
Bk,15,259
Bk,16,279
Bk,17,303
Bk,18,339
Bk,19,361
Bk,20,497
Bk,21,526
Bk,22,557
Bk,23,590
Bk,24,621
Bk,25,652
Bk,26,700
Bk,27,733
Bk,28,768
Bk,29,800
Bk,30,960
Bk,31,1000
Bk,32,1040
Bk,33,1080
Bk,34,1200
Bk,35,1240
Bk,36,1360
Bk,37,1410
Bk,38,1550
Bk,39,1630
Bk,40,1720
Bk,41,1800
Bk,42,1890
Bk,43,1970
Bk,44,2050
Bk,45,2140
Bk,46,2240
Bk,47,2320
Bk,48,2410
Bk,49,2490
Bk,50,2580
Bk,51,2670
Bk,52,3080
Bk,53,3154
Bk,54,3232
Bk,55,3315
Bk,56,3393
Bk,57,3469
Bk,58,3630
Bk,59,3709
Bk,60,3797
Bk,61,3877
Bk,62,4202
Bk,63,4281
Bk,64,4365
Bk,65,4445
Bk,66,4940
Bk,67,5040
Bk,68,5270
Bk,69,5360
Bk,70,8500
Bk,71,8670
Bk,72,8850
Bk,73,9050
Bk,74,9240
Bk,75,9420
Bk,76,9880
Bk,77,10070
Bk,78,10280
Bk,79,10480
Bk,80,11020
Bk,81,11190
Bk,82,11380
Bk,83,11540
Bk,84,13090
Bk,85,13300
Bk,86,13720
Bk,87,13910
Bk,88,28380
Bk,89,28800
Bk,90,29300
Bk,91,29800
Bk,92,35500
Bk,93,36200
Bk,94,37000
Bk,95,37457.6
Bk,96,146904.7
Bk,97,149398
Cf,1,6.2817
Cf,2,12
Cf,3,22.4
Cf,4,37.7
Cf,5,51.9
Cf,6,75
Cf,7,91
Cf,8,112.9
Cf,9,133
Cf,10,152
Cf,11,178
Cf,12,202
Cf,13,225
Cf,14,247
Cf,15,265
Cf,16,286
Cf,17,310
Cf,18,334
Cf,19,368
Cf,20,390
Cf,21,536
Cf,22,566
Cf,23,597
Cf,24,630
Cf,25,662
Cf,26,695
Cf,27,744
Cf,28,778
Cf,29,814
Cf,30,847
Cf,31,1010
Cf,32,1050
Cf,33,1090
Cf,34,1120
Cf,35,1250
Cf,36,1300
Cf,37,1420
Cf,38,1460
Cf,39,1620
Cf,40,1700
Cf,41,1790
Cf,42,1880
Cf,43,1960
Cf,44,2050
Cf,45,2130
Cf,46,2220
Cf,47,2320
Cf,48,2410
Cf,49,2490
Cf,50,2580
Cf,51,2670
Cf,52,2750
Cf,53,3186
Cf,54,3261
Cf,55,3340
Cf,56,3424
Cf,57,3503
Cf,58,3581
Cf,59,3747
Cf,60,3828
Cf,61,3915
Cf,62,3998
Cf,63,4329
Cf,64,4407
Cf,65,4494
Cf,66,4570
Cf,67,5100
Cf,68,5190
Cf,69,5430
Cf,70,5520
Cf,71,8730
Cf,72,8900
Cf,73,9090
Cf,74,9290
Cf,75,9480
Cf,76,9660
Cf,77,10140
Cf,78,10330
Cf,79,10550
Cf,80,10740
Cf,81,11300
Cf,82,11470
Cf,83,11650
Cf,84,11820
Cf,85,13450
Cf,86,13660
Cf,87,14080
Cf,88,14280
Cf,89,29000
Cf,90,29500
Cf,91,30000
Cf,92,30500
Cf,93,36500
Cf,94,37100
Cf,95,37900
Cf,96,38443.5
Cf,97,150579.3
Cf,98,153124
Es,1,6.3676
Es,2,12.2
Es,3,22.7
Es,4,38.8
Es,5,54.1
Es,6,71
Es,7,97
Es,8,112.9
Es,9,137
Es,10,157
Es,11,180
Es,12,206
Es,13,231
Es,14,252
Es,15,270
Es,16,294
Es,17,317
Es,18,342
Es,19,367
Es,20,398
Es,21,421
Es,22,576
Es,23,606
Es,24,638
Es,25,672
Es,26,705
Es,27,738
Es,28,790
Es,29,824
Es,30,861
Es,31,895
Es,32,1060
Es,33,1100
Es,34,1140
Es,35,1180
Es,36,1310
Es,37,1360
Es,38,1480
Es,39,1530
Es,40,1690
Es,41,1780
Es,42,1870
Es,43,1950
Es,44,2040
Es,45,2130
Es,46,2220
Es,47,2300
Es,48,2410
Es,49,2490
Es,50,2580
Es,51,2680
Es,52,2760
Es,53,2900
Es,54,3294
Es,55,3370
Es,56,3449
Es,57,3535
Es,58,3616
Es,59,3694
Es,60,3866
Es,61,3947
Es,62,4038
Es,63,4120
Es,64,4456
Es,65,4537
Es,66,4620
Es,67,4700
Es,68,5260
Es,69,5350
Es,70,5600
Es,71,5690
Es,72,8960
Es,73,9140
Es,74,9330
Es,75,9530
Es,76,9720
Es,77,9910
Es,78,10400
Es,79,10590
Es,80,10810
Es,81,11010
Es,82,11570
Es,83,11740
Es,84,11930
Es,85,12110
Es,86,13810
Es,87,14030
Es,88,14460
Es,89,14700
Es,90,29700
Es,91,30100
Es,92,30700
Es,93,31100
Es,94,37400
Es,95,38100
Es,96,38900
Es,97,39451.4
Es,98,154328
Es,99,156926
Fm,1,6.5
Fm,2,10
Fm,3,23.2
Fm,4,39.3
Fm,5,55
Fm,6,74
Fm,7,93
Fm,8,120
Fm,9,136
Fm,10,162
Fm,11,185
Fm,12,209
Fm,13,237
Fm,14,257
Fm,15,276
Fm,16,300
Fm,17,326
Fm,18,351
Fm,19,377
Fm,20,402
Fm,21,430
Fm,22,453
Fm,23,616
Fm,24,647
Fm,25,680
Fm,26,716
Fm,27,749
Fm,28,782
Fm,29,837
Fm,30,871
Fm,31,909
Fm,32,944
Fm,33,1110
Fm,34,1150
Fm,35,1190
Fm,36,1230
Fm,37,1370
Fm,38,1420
Fm,39,1550
Fm,40,1600
Fm,41,1770
Fm,42,1860
Fm,43,1940
Fm,44,2030
Fm,45,2120
Fm,46,2210
Fm,47,2300
Fm,48,2390
Fm,49,2490
Fm,50,2590
Fm,51,2680
Fm,52,2760
Fm,53,2900
Fm,54,2950
Fm,55,3403
Fm,56,3480
Fm,57,3561
Fm,58,3647
Fm,59,3730
Fm,60,3810
Fm,61,3986
Fm,62,4070
Fm,63,4160
Fm,64,4245
Fm,65,4586
Fm,66,4670
Fm,67,4760
Fm,68,4840
Fm,69,5420
Fm,70,5510
Fm,71,5760
Fm,72,5860
Fm,73,9200
Fm,74,9370
Fm,75,9570
Fm,76,9770
Fm,77,9970
Fm,78,10160
Fm,79,10660
Fm,80,10860
Fm,81,11080
Fm,82,11280
Fm,83,11850
Fm,84,12020
Fm,85,12220
Fm,86,12390
Fm,87,14180
Fm,88,14400
Fm,89,14800
Fm,90,15000
Fm,91,30300
Fm,92,30800
Fm,93,31300
Fm,94,31800
Fm,95,38400
Fm,96,39100
Fm,97,40000
Fm,98,40482.2
Fm,99,158152.5
Fm,100,160804
Md,1,6.58
Md,2,10
Md,3,24.3
Md,4,40
Md,5,54.1
Md,6,76
Md,7,96
Md,8,115.1
Md,9,143.9
Md,10,162
Md,11,187
Md,12,215
Md,13,240
Md,14,260
Md,15,282
Md,16,307
Md,17,334
Md,18,360
Md,19,386
Md,20,412
Md,21,438
Md,22,462
Md,23,486
Md,24,659
Md,25,690
Md,26,723
Md,27,760
Md,28,794
Md,29,828
Md,30,885
Md,31,920
Md,32,958
Md,33,994
Md,34,1160
Md,35,1200
Md,36,1250
Md,37,1290
Md,38,1430
Md,39,1480
Md,40,1620
Md,41,1660
Md,42,1840
Md,43,1930
Md,44,2020
Md,45,2110
Md,46,2200
Md,47,2290
Md,48,2380
Md,49,2000
Md,50,2580
Md,51,2680
Md,52,2760
Md,53,2860
Md,54,2950
Md,55,3050
Md,56,3513
Md,57,3592
Md,58,3675
Md,59,3762
Md,60,3845
Md,61,3926
Md,62,4109
Md,63,4194
Md,64,4286
Md,65,4371
Md,66,4720
Md,67,4800
Md,68,4890
Md,69,4970
Md,70,5580
Md,71,5680
Md,72,5930
Md,73,6030
Md,74,9430
Md,75,9620
Md,76,9810
Md,77,10020
Md,78,10220
Md,79,10410
Md,80,10930
Md,81,11130
Md,82,11360
Md,83,11560
Md,84,12140
Md,85,12310
Md,86,12500
Md,87,12680
Md,88,14560
Md,89,14800
Md,90,15200
Md,91,15400
Md,92,31000
Md,93,31500
Md,94,32000
Md,95,32500
Md,96,39500
Md,97,40100
Md,98,41000
Md,99,41548
Md,101,164764
No,1,6.65
No,2,12.5
No,3,25.8
No,4,41.5
No,5,60
No,6,74
No,7,97
No,8,119
No,9,140
No,10,170
No,11,187
No,12,216
No,13,246
No,14,267
No,15,290
No,16,312
No,17,341
No,18,367
No,19,394
No,20,420
No,21,448
No,22,475
No,23,496
No,24,520
No,25,701
No,26,734
No,27,768
No,28,805
No,29,840
No,30,875
No,31,934
No,32,969
No,33,1010
No,34,1045
No,35,1220
No,36,1260
No,37,1300
No,38,1340
No,39,1500
No,40,1550
No,41,1680
No,42,1730
No,43,1920
No,44,2010
No,45,2100
No,46,2200
No,47,2290
No,48,2380
No,49,2470
No,50,2570
No,51,2680
No,52,2760
No,53,2860
No,54,2950
No,55,3050
No,56,3140
No,57,3627
No,58,3705
No,59,3790
No,60,3878
No,61,3962
No,62,4045
No,63,4234
No,64,4320
No,65,4413
No,66,4500
No,67,4850
No,68,4930
No,69,5030
No,70,5110
No,71,5750
No,72,5850
No,73,6110
No,74,6210
No,75,9680
No,76,9860
No,77,10060
No,78,10270
No,79,10470
No,80,10660
No,81,11200
No,82,11410
No,83,11630
No,84,11840
No,85,12420
No,86,12600
No,87,12800
No,88,12980
No,89,15000
No,90,15200
No,91,15600
No,92,15800
No,93,31700
No,94,32200
No,95,32700
No,96,33200
No,97,40500
No,98,41200
No,99,42100
No,100,42632
No,102,168806
Lr,1,4.9
Lr,2,14.3
Lr,3,21.4
Lr,4,43.6
Lr,5,56
Lr,6,80
Lr,7,96
Lr,8,121
Lr,9,143
Lr,10,165
Lr,11,197
Lr,12,216
Lr,13,244
Lr,14,269
Lr,15,290
Lr,16,320
Lr,17,344
Lr,18,374
Lr,19,403
Lr,20,431
Lr,21,460
Lr,22,487
Lr,23,510
Lr,24,540
Lr,25,560
Lr,26,745
Lr,27,779
Lr,28,814
Lr,29,852
Lr,30,888
Lr,31,922
Lr,32,985
Lr,33,1020
Lr,34,1061
Lr,35,1098
Lr,36,1280
Lr,37,1320
Lr,38,1360
Lr,39,1410
Lr,40,1570
Lr,41,1620
Lr,42,1760
Lr,43,1810
Lr,44,2010
Lr,45,2100
Lr,46,2190
Lr,47,2290
Lr,48,2380
Lr,49,2470
Lr,50,2570
Lr,51,2670
Lr,52,2780
Lr,53,2860
Lr,54,2960
Lr,55,3060
Lr,56,3150
Lr,57,3250
Lr,58,3741
Lr,59,3821
Lr,60,3906
Lr,61,3996
Lr,62,4082
Lr,63,4165
Lr,64,4360
Lr,65,4448
Lr,66,4540
Lr,67,4630
Lr,68,4990
Lr,69,5070
Lr,70,5160
Lr,71,5250
Lr,72,5920
Lr,73,6030
Lr,74,6290
Lr,75,6390
Lr,76,9920
Lr,77,10110
Lr,78,10310
Lr,79,10520
Lr,80,10720
Lr,81,10920
Lr,82,11480
Lr,83,11680
Lr,84,11910
Lr,85,12120
Lr,86,12710
Lr,87,12890
Lr,88,13090
Lr,89,13300
Lr,90,15300
Lr,91,15600
Lr,92,16000
Lr,93,16200
Lr,94,32400
Lr,95,32900
Lr,96,33400
Lr,97,33900
Lr,98,41600
Lr,99,42300
Lr,100,43200
Lr,101,43759
Lr,103,172930
Rf,1,6.01
Rf,2,14.7
Rf,3,23.9
Rf,4,31.7
Rf,5,64
Rf,6,77
Rf,7,102
Rf,8,119
Rf,9,146.1
Rf,10,169
Rf,11,193
Rf,12,225
Rf,13,244
Rf,14,275
Rf,27,791
Rf,28,825
Rf,29,860
Rf,30,899
Rf,31,936
Rf,32,972
Rf,33,1036
Rf,34,1073
Rf,35,1114
Rf,36,1151
Rf,59,3857
Rf,60,3938
Rf,61,4025
Rf,62,4116
Rf,63,4203
Rf,64,4287
Rf,65,4489
Rf,66,4580
Rf,67,4670
Rf,68,4760
Rf,69,5120
Rf,70,5210
Rf,71,5300
Rf,72,5390
Rf,73,6100
Rf,74,6200
Rf,75,6470
Rf,76,6570
Rf,77,10170
Rf,78,10360
Rf,79,10560
Rf,80,10780
Rf,81,10980
Rf,82,11180
Rf,83,11750
Rf,84,11960
Rf,85,12200
Rf,86,12410
Rf,87,13010
Rf,88,13190
Rf,89,13400
Rf,90,13600
Rf,91,15800
Rf,92,16000
Rf,93,16400
Rf,94,16700
Rf,95,33100
Rf,96,33600
Rf,97,34100
Rf,98,34600
Rf,99,42700
Rf,100,43400
Rf,101,44300
Rf,104,177148
Db,1,6.8
Db,2,14
Db,3,23.1
Db,4,33
Db,5,43
Db,6,86
Db,7,98.9
Db,8,126
Db,9,145
Db,10,172
Db,11,196
Db,12,220.9
Db,13,254
Db,14,274
Db,15,307
Db,28,838
Db,29,872
Db,30,908
Db,31,948
Db,32,985
Db,33,1022
Db,34,1089
Db,35,1126
Db,36,1168
Db,37,1207
Db,60,3975
Db,61,4057
Db,62,4145
Db,63,4237
Db,64,4326
Db,65,4411
Db,66,4620
Db,67,4710
Db,68,4810
Db,69,4900
Db,70,5260
Db,71,5350
Db,72,5450
Db,73,5530
Db,74,6280
Db,75,6380
Db,76,6650
Db,77,6760
Db,78,10420
Db,79,10610
Db,80,10820
Db,81,11040
Db,82,11240
Db,83,11440
Db,84,12040
Db,85,12250
Db,86,12480
Db,87,12700
Db,88,13300
Db,89,13500
Db,90,13700
Db,91,13900
Db,92,16200
Db,93,16400
Db,94,16900
Db,95,17100
Db,96,33800
Db,97,34300
Db,98,34800
Db,99,35300
Db,100,43800
Db,101,44500
Db,102,45400
Db,105,181444
Sg,1,7.8
Sg,2,17.1
Sg,3,25.8
Sg,4,35.5
Sg,5,47.2
Sg,6,59.3
Sg,7,109
Sg,8,122
Sg,9,152
Sg,10,170
Sg,11,200
Sg,12,224
Sg,13,251
Sg,14,285
Sg,15,306
Sg,16,339
Sg,29,885
Sg,30,921
Sg,31,958
Sg,32,998
Sg,33,1036
Sg,34,1073
Sg,35,1143
Sg,36,1181
Sg,37,1223
Sg,38,1263
Sg,61,4095
Sg,62,4178
Sg,63,4267
Sg,64,4360
Sg,65,4450
Sg,66,4540
Sg,67,4750
Sg,68,4840
Sg,69,4940
Sg,70,5030
Sg,71,5410
Sg,72,5490
Sg,73,5590
Sg,74,5680
Sg,75,6460
Sg,76,6570
Sg,77,6840
Sg,78,6950
Sg,79,10680
Sg,80,10870
Sg,81,11080
Sg,82,11300
Sg,83,11510
Sg,84,11710
Sg,85,12320
Sg,86,12540
Sg,87,12780
Sg,88,12990
Sg,89,13600
Sg,90,13800
Sg,91,14000
Sg,92,14200
Sg,93,16600
Sg,94,16800
Sg,95,17300
Sg,96,17500
Sg,97,34500
Sg,98,35000
Sg,99,35600
Sg,100,36100
Sg,101,44900
Sg,102,45700
Sg,103,46600
Sg,106,185839
Bh,1,7.7
Bh,2,17.5
Bh,3,26.7
Bh,4,37.3
Bh,5,49
Bh,6,62.1
Bh,7,74.9
Bh,8,134
Bh,9,148
Bh,10,178
Bh,11,198
Bh,12,228
Bh,13,255
Bh,14,281
Bh,15,318
Bh,16,337
Bh,17,374
Bh,30,934
Bh,31,969
Bh,32,1008
Bh,33,1049
Bh,34,1088
Bh,35,1126
Bh,36,1197
Bh,37,1237
Bh,38,1280
Bh,39,1320
Bh,62,4216
Bh,63,4301
Bh,64,4390
Bh,65,4486
Bh,66,4580
Bh,67,4660
Bh,68,4890
Bh,69,4980
Bh,70,5080
Bh,71,5170
Bh,72,5550
Bh,73,5640
Bh,74,5740
Bh,75,5830
Bh,76,6650
Bh,77,6760
Bh,78,7040
Bh,79,7140
Bh,80,10930
Bh,81,11130
Bh,82,11340
Bh,83,11560
Bh,84,11780
Bh,85,11980
Bh,86,12610
Bh,87,12830
Bh,88,13070
Bh,89,13300
Bh,90,13900
Bh,91,14100
Bh,92,14300
Bh,93,14500
Bh,94,17000
Bh,95,17300
Bh,96,17700
Bh,97,18000
Bh,98,35200
Bh,99,35700
Bh,100,36300
Bh,101,36800
Bh,102,46100
Bh,103,46900
Bh,104,47800
Bh,107,190331
Hs,1,7.6
Hs,2,18.2
Hs,3,29.3
Hs,4,37.7
Hs,5,51.2
Hs,6,64
Hs,7,78
Hs,8,92
Hs,9,160
Hs,10,173.9
Hs,11,206.1
Hs,12,227
Hs,13,258
Hs,14,285
Hs,15,314
Hs,16,351
Hs,17,371
Hs,18,409
Hs,31,984
Hs,32,1020
Hs,33,1060
Hs,34,1101
Hs,35,1140
Hs,36,1180
Hs,37,1253
Hs,38,1294
Hs,39,1338
Hs,40,1379
Hs,63,4339
Hs,64,4425
Hs,65,4516
Hs,66,4610
Hs,67,4700
Hs,68,4790
Hs,69,5020
Hs,70,5120
Hs,71,5220
Hs,72,5310
Hs,73,5700
Hs,74,5780
Hs,75,5880
Hs,76,5980
Hs,77,6840
Hs,78,6950
Hs,79,7230
Hs,80,7340
Hs,81,11200
Hs,82,11390
Hs,83,11600
Hs,84,11830
Hs,85,12040
Hs,86,12250
Hs,87,12900
Hs,88,13130
Hs,89,13400
Hs,90,13600
Hs,91,14200
Hs,92,14400
Hs,93,14600
Hs,94,14800
Hs,95,17500
Hs,96,17700
Hs,97,18200
Hs,98,18400
Hs,99,35900
Hs,100,36400
Hs,101,37000
Hs,102,37500
Hs,103,47300
Hs,104,48100
Hs,105,49000
Hs,108,194917
Mt,5,50
Mt,8,94
Mt,9,109
Mt,10,187
Mt,11,202
Mt,12,235.9
Mt,13,257
Mt,14,289
Mt,15,318
Mt,16,346
Mt,17,386
Mt,18,406
Mt,19,445
Mt,32,1035
Mt,33,1072
Mt,34,1112
Mt,35,1154
Mt,36,1195
Mt,37,1234
Mt,38,1311
Mt,39,1352
Mt,40,1397
Mt,41,1439
Mt,64,4464
Mt,65,4551
Mt,66,4640
Mt,67,4740
Mt,68,4830
Mt,69,4920
Mt,70,5160
Mt,71,5250
Mt,72,5360
Mt,73,5450
Mt,74,5840
Mt,75,5930
Mt,76,6030
Mt,77,6130
Mt,78,7040
Mt,79,7150
Mt,80,7440
Mt,81,7550
Mt,82,11460
Mt,83,11660
Mt,84,11870
Mt,85,12100
Mt,86,12320
Mt,87,12530
Mt,88,13200
Mt,89,13400
Mt,90,13700
Mt,91,13900
Mt,92,14500
Mt,93,14700
Mt,94,14900
Mt,95,15100
Mt,96,17900
Mt,97,18200
Mt,98,18700
Mt,99,18900
Mt,100,36700
Mt,101,37200
Mt,102,37800
Mt,103,38300
Mt,104,48500
Mt,105,49400
Mt,106,50300
Mt,109,199606
Ds,6,65
Ds,9,112.9
Ds,10,128
Ds,11,216
Ds,12,231
Ds,13,266
Ds,14,288
Ds,15,322
Ds,16,352
Ds,17,380
Ds,18,422
Ds,19,442
Ds,20,483
Ds,33,1087
Ds,34,1125
Ds,35,1165
Ds,36,1208
Ds,37,1250
Ds,38,1290
Ds,39,1369
Ds,40,1412
Ds,41,1457
Ds,42,1500
Ds,65,4590
Ds,66,4680
Ds,67,4770
Ds,68,4870
Ds,69,4960
Ds,70,5060
Ds,71,5300
Ds,72,5400
Ds,73,5500
Ds,74,5600
Ds,75,5990
Ds,76,6080
Ds,77,6190
Ds,78,6280
Ds,79,7230
Ds,80,7350
Ds,81,7640
Ds,82,7750
Ds,83,11730
Ds,84,11930
Ds,85,12140
Ds,86,12380
Ds,87,12600
Ds,88,12810
Ds,89,13500
Ds,90,13700
Ds,91,14000
Ds,92,14200
Ds,93,14800
Ds,94,15000
Ds,95,15300
Ds,96,15500
Ds,97,18400
Ds,98,18600
Ds,99,19100
Ds,100,19400
Ds,101,37400
Ds,102,37900
Ds,103,38500
Ds,104,39100
Ds,105,49800
Ds,106,50700
Ds,107,51600
Ds,110,204400
